city,avg_cloud
Abbigeri,73.36537914117778
Abdullahnagar,60.85802164814608
Abhayapuri,65.72116348962291
Abhia,55.94528263722211
Abhwar,58.830616303191576
Abiramam,42.15067942942438
Ablu,22.84211347290718
Abohar,20.84658506542569
Abu,56.11752310567132
Achaljamu,59.40753869898699
Achampet,52.35413887876186
Acharipallam,56.53701518381251
Achchippatti,73.9058599942089
Achhnera,38.665042553970196
Adalaj,55.14176225215812
Adalpur,55.528386634031904
Adamankottai,53.97760160031411
Adampur,26.78089912672761
Addanki,50.033493367976895
Adigappadi,54.19943031281908
Adigaratti,71.28991329936285
Adigoppula,52.589299405697474
Adilabad,58.09783005929936
Adivala,66.71222018897632
Adiyakkamangalam,41.61260854785089
Adoni,60.59044058961862
Adra,57.49584383430183
Advi%20Devalpalli,53.122144893929125
Adyar,84.9666912462172
Afzala,56.64559972009677
Afzalpur,61.229396981206484
Agadallanka,52.57662844302968
Agadi,79.51830390392658
Agar,56.48337535616779
Agaram,43.83399084114697
Agarpur,54.58473919599519
Agartala,65.40357697624658
Aginiparru,52.775301406379455
Agiripalle,53.135332628349644
Agra,38.73843003816051
Agwar,38.73843003816051
Ahirauliya,52.78035529248903
Ahiro,54.45575795050982
Ahmadabad,59.13156772815564
Ahmadnagar,67.62155601703301
Ahmadpur,58.530699356519584
Ahmedabad,54.974251577750124
Aigali,72.2870492034611
Ainapur,71.98348023021053
Aizawl,76.29504101948471
Ajaigarh,49.287178644970744
Ajas,27.175417559697898
Ajjampur,76.98973012147853
Ajjanahalli,52.248442303259154
Ajjipuram,66.62565204128104
Ajmer,39.58497803563703
Ajnala,23.926110295360353
Ajodhya,48.0685188203043
Akalgarh,27.423239079130905
Akanavaritota,51.64853019592033
Akbarpur,50.09759895618652
Akhnur,27.747243661717015
Akividu,51.729053299585516
Aklvidu,51.903811785040425
Akola,58.18903784695516
Akora,42.193011452118796
Akot,58.64807609258362
Alagappapuram,51.271019548462576
Alagarai,44.59075306990291
Alamnagar,56.40267431391363
Alampalaiyam,48.604892337630126
Alampur,51.032856005389206
Alampur%20Gonpura,50.21531829461907
Alamuru,51.71815840584008
Aland,64.06952662969164
Alanganallur,45.23901382435893
Alangayam,53.16085943170684
Alangudi,43.698008175335
Alangulam,46.228465191903794
Alasandigutta,60.16202288493844
Alauli,55.9113955126185
Alawalpur,26.254393935320262
Alawandi,71.40394766854284
Aldona,81.41420545192783
Algun,23.014656864248735
Aliganj,51.486971376004746
Aligarh,37.62960141777124
Alipur,57.042995082866994
Alipur%20Duar,68.35054709172182
Alipura,47.867909016374
Aliyabad,49.18576456224945
Allagadda,57.85626078435311
Allahdurg,60.59217526326551
Allahpur,42.16329590980925
Alleppey,76.83988128822553
Allinagaram,48.23582287238709
Allur,48.181483189322506
Alluru,57.85626078435311
Almel,59.37415944077769
Almora,59.306752830943154
Alnavar,85.03558760326732
Alukkuli,51.352182002082365
Alur,60.17314695860539
Alwa%20Tirunagari,39.92326427410958
Alwal,60.16818525611158
Alwar,37.79059871411694
Alwarkurichchi,47.632468343846156
Alwaye,80.31050720664227
Amadalli,85.95730645465949
Amaha,59.50827535283893
Amalapuram,51.52614291103898
Amalner,57.608717170582636
Amangal,59.04373655465822
Amanganj,51.92440542495586
Amarapuuram,66.81526951270277
Amaravati,52.138429617093976
Amarchinta,60.16285722567744
Amari,54.02393212848328
Amarpatan,52.89715133784572
Amarpur,54.65551886377922
Amarwara,61.60682646013437
Amayan,42.98813004497966
Amba%20Icharua,55.36592079779439
Ambajogai,61.29499283231093
Ambala,43.42735144540295
Ambara,65.52855005120813
Ambasamudram,44.53626678418301
Ambattur,45.486118197293024
Ambatturai,47.54601506586521
Ambhua,58.38901558523893
Amgachia,59.5475807933539
Amha,58.414359465552046
Amiawar,49.084607491382855
Amingaon,64.55155716885761
Amingarh,67.78788860638166
Aminpur,61.78893546226844
Amjhar,49.18555644800625
Amjhera,64.68945194796902
Amla,66.48821771291524
Ammanabrolu,48.305356147797795
Ammapettai,47.50061715966999
Ammavarikuppam,49.461791575658715
Ammur,49.761406157579295
Amodei,53.12946976262807
Amrabad,60.382924588792136
Amravati,58.356919345339136
Amritsar,24.308170216888637
Amroha,38.582850812226845
Amta,58.25572875577676
Amtala,63.26022590114392
Amudalapalle,49.98954564847523
Amudalavalasa,53.55828574425408
Amwa%20Majhar,52.70557239226741
Anaiyur,44.628919182020745
Anakapalle,51.60996427322519
Anakaputtur,45.39854987510924
Anamalais,70.16704044074312
Anand,56.50789233142764
Anandpur,46.70344849908391
Ananipalle,50.36817575593555
Anantapalle,53.78869170597023
Anantapur,56.182158626826556
Anantarazupeta,48.977328631638
Anantasagaram,49.15517070761111
Anantpur,71.69133540243881
Anavatti,84.83379456510852
Andal,57.36692356195353
Andanappettai,41.25753924444587
Andhana,50.08554425960938
Andhra%20Tharhi,55.686822452249736
Andipalaiyam,61.77917953697063
Andippatti,46.25161136423391
Andiyappanur,53.62509633237493
Anekal,70.03017471615212
Angalakuduru%20Malepalle,51.319827205760724
Angalakurichchi,68.62367834778637
Angallu,54.90856142357479
Angamali,82.47651761833801
Angichettippalaiyam,44.784449543649195
Angul,60.2614348772999
Angwali,58.19037445568327
Anjad,57.7016180699627
Anjangaon,58.530943508018304
Anjehalli,54.24431956271398
Anjukulippatti,48.96224747404479
Anjuna,81.41420545192783
Ankalgi,77.19750478245155
Ankireddikuntapalem,51.49765706081598
Ankli,78.89797311124373
Ankola,85.63691956861909
Annamalainagar,42.318697614694706
Annaram,53.586598904483196
Annavasal,44.157919925571505
Anndevarapeta,53.9170923475957
Annigeri,77.79064484343594
Annur,55.27618408148715
Antardipa,58.061427269460104
Antarvedi,50.29530274666251
Antarvedipalem,50.29530274666251
Antri,44.07941614042807
Anuppampattu,45.7311660099715
Anuppur,58.27237583605529
Aphaur,51.17470302401453
Apparaopeta,53.411225358915175
Appukkudal,48.87318129750024
Arachchalur,48.02295439580924
Arajpur,57.10792899911009
Arakere,67.08688840526425
Arakeri,61.02248346604348
Arambagh,57.59847853250746
Arambakkam,47.50219453632213
Aranda,50.158307132723216
Arani,47.143812427452765
Arantangi,43.11835845877597
Aranya%20Kalan,58.72997472919851
Araria,62.848168499325624
Arasur,69.01390808067075
Aravakkurichchi,44.41492364385206
Aravelli,56.30424615649801
Arcot,49.795517700363966
Arda,59.60341533535822
Areraj,53.11439606381819
Arimalam,43.47287643558704
Ariyalur,44.708734743455885
Arkonam,47.853951021199094
Arma,52.3123445797445
Armur,57.909625099943625
Arni,48.881358802619125
Arniya,52.07899655254728
Aroali,57.294277638956544
Arohi,58.04859558615712
Aron,55.14129399115953
Arrah,49.7880129858098
Arrapalli,57.57042488807373
Arsali,51.75357946174554
Arsikere,69.95077147606116
Arugollu,52.908278456431226
Arumanallur,59.55686778810432
Arumbavur,47.18263456167492
Arumuganeri,39.39457084891682
Aruppukkottai,42.91010327733023
Arutla,59.58866987878182
Aruvikkara,70.03137964985729
Arwal,49.33022370408224
Asafabad,58.01912946662404
Asahni,50.58395115538923
Asakapalle,50.10192859878028
Asansol,57.44977629328906
Asarganj,55.21716742246728
Asarhi,49.77825990353756
Ashoknagar,52.79216249725365
Ashta,59.76002209093377
Ashwaraopeta,56.852621194619815
Asthanwan,50.58376584813595
Aswapuram,58.083641965602894
Atari,23.010004714549595
Atchampeta,54.102062657784494
Athagarh,58.75909538558619
Athar,55.46252500713018
Atharga,59.19534652983273
Athni,72.2870492034611
Atlapadu,51.71815840584008
Atmakur,57.202527265434554
Atmakuru,58.12182240651457
Atner,63.924768965390655
Attanur,53.17964576323118
Attappampatti,51.748639803455454
Attibele,67.73394385584763
Attili,52.587345133329755
Attimarappatti,39.809878744372156
Attingal,69.96931147527054
Attippattu,45.17843132216694
Attur,62.51470092162385
Atturkuppam,53.20257489687991
Auhar%20Sheikh,52.70557239226741
Aurad,60.87550862215647
Aurahi,59.48810007628089
Aurangabad,58.00114113922113
Auria,55.607109410983355
Auta,52.20579447651104
Avadattur,52.35154767396169
Avadi,46.59817666755239
Avalepalli,65.68396346281425
Avalpundurai,48.48707422300094
Avalurpet,48.22796542625428
Avanashipalaiyam,51.453643170323886
Avanigadda,50.211079133095126
Avaniyapuram,44.773025349030455
Awankh,26.75258136292343
Ayas,59.03813979941763
Ayikudi,67.9359904913878
Ayirapuram,79.2631979906915
Ayodhyapattanam,53.086420236826825
Ayyagarpet,56.049706063901965
Ayyampalaiyam,46.6082979518179
Ayyampettai,43.8335127471377
Azamnagar,60.1053650569891
Azizpur%20Chande,52.32413218346424
Baba%20Bakala,25.813739620351555
Babai,59.3471269244555
Babai%20Kalan,58.54517288744861
Babhanganwa,59.50827535283893
Babhangaon,58.722595254164425
Babhangawan,55.1341195253711
Babhani%20Bholwa,58.899212598955664
Babhantoli,67.20436722453282
Babhniyawan,49.43423906748141
Babhnoul,48.887439714221195
Babura,49.69211131631723
Bachchannapet,57.30715655001721
Bachhauta,54.95243525720808
Bachra,57.542516314051916
Bada%20Barabil,63.895897449582385
Badagabettu,83.47553932663075
Badanahatti,60.87324694600357
Badantola,59.62645456592838
Badarpur,70.2805725052028
Badarwas,51.29409209987521
Badepalli,62.93216571621306
Badkulla,58.52940648419872
Badnawar,63.566069334809455
Badru%20Khan,27.0679697695283
Baduria,60.29736362424883
Baduriatola,51.26132981618305
Badurpalle,61.78893546226844
Badvel,51.58643028103964
Bag,60.67910370828815
Bagaha,51.89766355510957
Bagahi,52.51770890175104
Bagalkot,67.18841312216077
Bagalur,66.28559056751949
Bagalvad,60.31705322659208
Bagaura,50.793789660272175
Bagchini,41.46364230790011
Bagepalli,64.02706701893851
Bageshwar,57.601005457773795
Bagewadi,77.1803453405144
Bagha%20Purana,23.726525088583625
Baghambarpur,53.204803938307144
Baghant,56.21803339014938
Baghauni,55.21783580285341
Baghduma,55.607109410983355
Baghra,50.883790209384415
Bagli,60.93159699828241
Bagnan,58.000952224478795
Bagula,59.02089503861426
Bahadarpur,58.87160258091437
Bahadurganj,64.00435019527416
Bahadurpur,51.26108332848439
Bahagalpur,57.488400838141146
Baharampur,57.33691035736236
Baharu,61.049768983470905
Baheri,55.24376524826357
Bahraigh,44.5181407477989
Bahutal,57.8654890528524
Baidyabati,58.81663326768131
Baihar,63.573515042205806
Baikatpur,51.029035633550535
Baikunthapur,57.9019767558627
Baikunthpur,51.18169711405834
Bail-Hongal,80.9005881971024
Bairagnia,53.32367108674427
Bairia,51.43387918594559
Bairiya,52.358612025997616
Bairo,57.77002886489544
Baisa,54.75760944692597
Baisuhalli,52.02795544268012
Baj%20Baj,59.22728658850634
Bajala,81.57833018019498
Bajpe,84.60987772655535
Bajwara,29.12590543884939
Bakarpur%20Ogairah,57.23873013071533
Bakharia,53.14531431227665
Bakhra,52.20100570069158
Bakhri,54.36477912836077
Bakhtiyarpur,50.91221771161697
Bakwa,57.55104467720193
Baladharmaram,58.68292962489306
Balakrishnanpatti,46.9795094142598
Balangir,59.5733518934162
Balarampur,63.61815910565474
Balasamudram,54.78303168264081
Balasore,54.41726769653757
Balaungi,29.906501749958704
Baldeogarh,50.44925415444888
Balgudar,51.61852384706856
Balha,55.29060122350581
Balhapur,52.41776757099067
Bali,58.861920155342816
Balia,52.55967074740265
Baligaon,49.14694887275814
Balighattam,52.332529621891595
Balkonda,57.95538034658914
Ballia,49.07878189481042
Baltara,55.968648170351116
Balua,63.28206535747715
Balua%20Rampur,52.51770890175104
Balugan,53.6361325821074
Balumath,56.64753679680841
Balupur,59.594214123197396
Balurghat,62.303862327996356
Balvadi,63.5418769570371
Bamaiya%20Harlal,53.35988304392154
Bamaur,42.4337291792454
Bamhni,61.683907299304906
Bamora,54.39546805306741
Banagi,85.38865405528603
Banapur,54.85199907683347
Banaso,59.40753869898699
Banavar,69.0006031958351
Banbhag,60.558743744881895
Banda,54.17128772582066
Bandalli,61.781407027156476
Bandamurlanka,51.292985213306025
Bandipura,27.818279560018393
Bandlaguda,60.03483235160864
Bandora,84.31336620278128
Bandwar,53.47115844012983
Banga,27.516337757330124
Bangalore,70.20881202988522
Banganapalle,54.70218705839057
Bangaon,60.457310175589214
Bangawan,62.12107294765555
Banhatti,69.80163506850934
Bank,49.17983096052164
Bankapur,83.34540418408147
Bankheri,59.831826353692676
Banki,57.22290038886273
Bankra,58.69207483003157
Bankura,57.41567213811684
Banni,54.99079639360152
Bannur,69.15433808270852
Bansbari,62.9108051018335
Bansbaria,58.75336483288722
Banswada,61.18739374260553
Banta,57.33691035736236
Bantval,85.64966351829223
Banu%20Chhapra,53.1644350885192
Bapatla,50.3472081886984
Bar%20Bigha,50.893470164696794
Bara,58.07330029207333
Bara%20Belun,57.88721531704483
Bara%20Khurd,50.08554425960938
Bara%20Malehra,52.13507576737366
Baragaon,51.09816862827443
Barah,51.19475821131646
Barahari,58.66532554590467
Barahbatta,53.08262407239121
Barahi,58.454057455717894
Barahkurwa,60.500522621896025
Barahpur,51.90140582983038
Barahra,58.02576415163205
Barai,55.09339688482888
Baraidih,56.467826023252606
Barajor,53.86628437160568
Barakpur,59.44634393389129
Baramula,26.89735353068727
Baraon,49.05774610190711
Bararam,50.75068612040393
Barari,58.12803047479476
Barasat,59.52974557556405
Barauli,52.27110226310182
Barbana,61.23759812210657
Barddhaman,57.684353789214526
Bardiha%20Turki,52.29930294721212
Bardipuram,58.466209260869725
Bareh,40.898644266898344
Bareilly,41.021280317340846
Barela,59.7166795143247
Baretha,58.91562803490103
Bargaon,55.895444907708615
Bargarh,59.6492031994666
Barghat,60.51792147280858
Bargur,52.11483097508809
Barhagarh,54.376640581408616
Barhampur,53.78742012473128
Barharia,51.85789725083892
Barharwa,59.18333882522033
Barharwa%20Kalan,52.78035529248903
Barhauna,51.055907946829926
Barhi,54.79441482467983
Barhiya,51.67220014286853
Bari,56.245958334053185
Bariariya,52.94055483564026
Bariariya%20Tola%20Rajpur,52.84181361027956
Bariarpur,54.14015481026468
Bariarpur%20Kandh,53.178447646850174
Barigarh,47.7661525993443
Bariyarpur,53.60750692081588
Barjhar,68.2845630693876
Barjora,57.274415263330994
Barka%20Gaon,51.97732300837304
Barka%20Parbatta,55.314796250837716
Barkagaon,57.594523997598365
Barki%20Ballia,53.42518116715259
Barki%20Saria,57.20552857877216
Barkot,54.54185476267355
Barkuhi,65.52855005120813
Barnagar,62.18726622332651
Barnala,25.793211267913033
Barnaon,49.41650390697187
Barni,49.757489995847756
Barnia,57.60562866774783
Baro,52.451910787059056
Barod,57.62025564198945
Baroda,46.64377012522649
Baroni%20Khurd,45.112149366302845
Barpathar,61.316260299966245
Barpeta,63.95324051834575
Barsaun,49.35983917509237
Baruari,57.77002886489544
Barud,57.34540715265863
Barughutu,59.03163857447021
Baruipur,60.35357462820895
Barun,49.46264956480275
Baruni,52.451910787059056
Barwadih,52.453086739679556
Barwah,57.386817618171264
Barwan,57.959324451976514
Barwani,57.87922831261128
Barwat%20Pasrain,53.1644350885192
Basaha,59.144170165652
Basaithi,61.42956728895147
Basantpur,62.86482295672155
Basaon,51.61663067143544
Basapatna,63.26544295549102
Basarh,52.42579833802816
Basatpur,51.86886284097847
Basavakalyan,65.3501813995536
Basavana%20Bagevadi,65.70167433031708
Basbiti,57.960546527658785
Basdeopur,55.59282119606291
Basi,29.485522043853393
Basirhat,60.46866045832413
Basmanpur,53.51335197323291
Basoda,55.330599307363876
Basopatti,54.83433661842104
Basrur,84.19900487793389
Bassian,25.61502040578988
Basudebpur,56.93813758274924
Batala,26.169345570159944
Bataredh,52.46895549347909
Bathnaha,52.95266460977371
Battulapalle,55.62209081217443
Baturbari,62.56582561147398
Baud,58.271993009983326
Baulia,58.01539141764363
Bauria,59.22728658850634
Bawali,59.25834630844501
Bayaram,58.60770513862745
Baynala,60.04034765976107
Bayyanagudem,56.14510995309141
Bayyavaram,51.965716633102886
Bazid%20Chak%20Kasturi,51.42722793390942
Bazidpur,56.21803339014938
Beawar,41.17725700441673
Begamganj,58.50408431550028
Begampur,59.67485194536021
Begowal,26.74638504177603
Begusarai,53.081758073317864
Behat,56.64729762498113
Beko,58.22677418462212
Bela,51.9882520466842
Bela%20Simri,53.91608181497349
Beladi,82.86136588935027
Belagal,58.24997914532155
Belagola,88.49760205360371
Belakoba,68.33322166419492
Belakvadi,66.45640929653004
Belampalli,58.50146260151425
Belao,50.69867850909853
Belari,60.25361346599012
Belauncha,56.82271965874225
Belaur,49.43964501813113
Beldanga,57.8799979958124
Beldaur,56.29098911619885
Belgaum,86.47493180634378
Belhatti,77.67816194476626
Belhi,54.69564371911367
Bellamkonda,52.28631834798903
Bellary,60.572534684285436
Belludi,77.66602544882372
Belo,58.36859935318116
Belonia,68.87984056224262
Belpara,59.53084604685444
Belpukur,60.32979923897812
Belsand,53.86500842655401
Belsandi%20Tara,54.07613498633278
Belsara,61.23759812210657
Beltangadi,86.53866626675716
Belur,68.44526310415087
Belvadi,82.43789785641322
Belwa,62.54992492333772
Belwara,56.25734836276075
Benaulim,82.4498465254539
Bendapudi,51.97323013313986
Bendrahalli,51.26243536937015
Benipati,55.12118281836336
Beohari,54.1302797720156
Berasia,56.71582568065594
Berchha,58.960119619305864
Berikai,59.59189940976627
Bermo,58.264054673459235
Berubari,69.58054549429552
Besagarahalli,67.0729954997604
Besarh,60.806640873738104
Betamcherla,56.92526953169937
Betigeri,75.41820644437277
Betma,63.425981112713146
Betmangala,57.341911730026695
Bettiah,53.1644350885192
Betul%20Bazar,64.87050455406539
Beur,50.140506136336214
Beypore,77.00216176888023
Bhabanipur,58.103213464747824
Bhabhua,49.58513438980479
Bhachhi,55.07341249837807
Bhachhi%20Asli,55.46252500713018
Bhadarwah,41.26363212215934
Bhadas,54.56305196667004
Bhadaur,24.641135247188608
Bhado%20Khara,50.181389806024846
Bhadrachalam,57.77772862360442
Bhadrakh,57.68273655563695
Bhadravati,80.45536229341104
Bhadreswar,58.81663326768131
Bhadsara,49.44748315417993
Bhadwar,49.90188154315156
Bhagabanpur,58.204689362334136
Bhagalpur,54.76987285932531
Bhagatpur,53.42518116715259
Bhagirathpur,57.218214028159835
Bhagsar,21.56015601146335
Bhagta,23.646243551913045
Bhagwangola,57.14925177410121
Bhagwanpur%20Desua,53.686497998801144
Bhagwatpur,53.06345935504323
Bhai%20Rupa,24.405960097692763
Bhainsa,58.850193930345895
Bhainsahi,52.514923003985416
Bhainsdehi,65.31447174245662
Bhainsoda,50.71458147704674
Bhaisalotan,52.783882838051596
Bhakua,55.12022411747529
Bhalaiana,22.439547126814517
Bhalki,63.7362983149109
Bhalpatti,55.528386634031904
Bhalswa%20Jahangirpur,33.78655639638168
Bhandarso,56.21803339014938
Bhander,45.057433807076144
Bhangar,59.34895420830256
Bhangha,57.93252891372724
Bhanghi,61.58732490911087
Bhankarpur,30.08084064742731
Bhanpura,50.559817107357624
Bhansia,62.54992492333772
Bhanukumari,68.20116188482396
Bhanumukkala,54.70218705839057
Bhanuvalli,78.04674364064721
Bhararisain,66.12483180413966
Bharatpur,38.309414616174706
Bhargaon,61.06748687723298
Bharhopur,50.58395115538923
Bharno,64.12910138184606
Bharokhara,53.26241036234519
Bharra,53.22038023846567
Bharuch,57.12956977263884
Bharweli,62.26795549669512
Bhasaula%20Danapur,50.21531829461907
Bhasawar,38.9503640814421
Bhataulia,52.84181361027956
Bhatinda,23.616342610136996
Bhatkal,86.4572308026633
Bhatkhori,59.93939607052257
Bhatpalli,57.77890696690633
Bhatpara,59.12673278268432
Bhatpuri,40.43254107607365
Bhatranha,58.284682941269445
Bhattiprolu,50.53730133390307
Bhaur,56.21826513882327
Bhauradah,64.00435019527416
Bhavani,49.57301539899621
Bhavnagar,51.328886914529136
Bhawanandpur,53.02841839548152
Bhawanigarh,27.75557468411369
Bhawanipatna,59.967772789493914
Bhawanipur,55.0714177890404
Bhawanipur%20Rajdham,59.43379009905756
Bhayandar,76.30766759705259
Bheja,57.04849052278176
Bhelsi,50.40043487805022
Bhikhi,25.779120727993423
Bhikkiwind%20Uttar,23.033462969489793
Bhilai,60.08462112665674
Bhilwara,45.591494016985514
Bhimadolu,52.9768943275931
Bhimavaram,51.81540915760825
Bhimunipatnam,50.28409097004624
Bhind,42.26327637858472
Bhiraha,54.2438603928394
Bhirua,55.4526352574733
Bhit%20Bhagwanpur,56.48054800087902
Bhitarwar,44.981260438758206
Bhiwandi,76.1312795609151
Bhiwani,30.28479754265298
Bhogapuram,50.38721840232186
Bhogpur,27.34636798221861
Bhoj,75.34072053259493
Bhojpur%20Jadid,49.09984943244947
Bhojpur%20Kadim,49.09984943244947
Bholsar,55.36239819595071
Bhongir,56.14895986665814
Bhopal,58.20973670546436
Bhopatpur,52.799136999574394
Bhuban,58.94468519566289
Bhubaneshwar,57.51144707562298
Bhucho%20Mandi,23.767481860731312
Bhui,50.215879474881426
Bhuj,48.28529485806621
Bhulath%20Gharbi,25.873361041912883
Bhulwal,27.61433237004815
Bhusaval,58.53600533257475
Biaora,56.187842106060614
Bibhutpur,53.723358843149896
Bibipet,59.122025110572345
Bichkunda,60.081370753152555
Bidar,64.22721847026527
Biddupur,50.777110825880634
Bideipur,55.61887534876122
Bihar,50.04990805293996
Bihariganj,58.722595254164425
Bihat,52.20579447651104
Bihpur,56.221016922474604
Bihpuriagaon,63.67061704321754
Bihta,50.024544492573476
Bijai,56.6266351006547
Bijaipur,43.92383208235375
Bijapur,65.10238426659689
Bijawar,51.808141270369404
Bijaynagar,41.22260251252041
Bijbiara,31.395448363133493
Bijeraghogarh,53.96039049633636
Bijni,66.59258955946106
Bikaner,23.429525744780896
Bikkatti,71.28991329936285
Bikkavolu,53.11919761152579
Biknur,59.76595803141792
Bikramganj,49.03748363247484
Bikrampur%20Bande,53.45864865443949
Bilasipara,67.64802472451089
Bilaspur,46.38652123484906
Bilaua,44.18085788089114
Bilauri,60.85802164814608
Bilehra,56.53749576253463
Bilga,26.3845730043796
Bilgi,67.92036324041344
Billapadu,52.26585325855491
Bilpura,58.59774899441185
Bimawan,49.41650390697187
Bimgal,57.722166532270556
Bimun,27.671643682863927
Bina,58.414359465552046
Bind,51.06452060176804
Bindki,45.191423361626335
Binka,58.96536003108822
Binnaguri,68.41981421881941
Bir,61.26032004525507
Birdaban,53.338810598089545
Birhana,51.493638454866336
Birmitrapur,61.21481821034557
Birnagar,60.95458194367095
Birpur,49.39867105666785
Birpur%20Barapatti%20Pindraun,56.905560249395386
Birsinghpur,50.59696104897404
Birur,71.18203366294337
Bisaria,60.95458194367095
Bisaul,54.83433661842104
Bishamagiri,57.1427510578322
Bishenpur,72.90883637113495
Bishnah,26.325637025031448
Bishnupur,57.39849316112457
Bishunpur,57.11049045768607
Bishunpur%20Hakimabad,53.686497998801144
Bishunpur%20Sundar,60.32125837486892
Bishunpura,52.487281014149964
Bistan,58.915884253608624
Bistaria,61.786390582601754
Biswanath%20Chariali,64.0490225852634
Bithan,54.96377404199999
Bithauli,55.46252500713018
Bobbili,57.188650278768975
Bobil,56.963371519313405
Bobleshwar,65.10238426659689
Bochaha,51.73157267382015
Bodagudipadu,48.43986287011284
Boddikurapadu,50.48528152295748
Bodhan,59.69812273772387
Bodinayakkanur,84.58999574710867
Bodippatti,56.26767746311073
Bodupal,59.38070967437142
Boha,25.94653145743977
Bokakhat,64.9849246819793
Bokaro,58.264054673459235
Bolpur,58.39272853756225
Bomareddipalli,56.24960378215034
Bommagondanahalli,67.53512946349382
Bommarbettu,85.26825739308114
Bommayapalaiyam,43.76810245351108
Bondada,51.729053299585516
Bongaigaon,67.32655957180188
Bora,56.23022356348321
Borgampad,57.41435773497635
Borgaon,78.89797311124373
Boriguma,68.15118869293575
Borim,82.87794468827413
Borio,58.96723080620496
Borna,54.749032159576686
Borne,56.09140382021468
Bowringpet,57.710610485764214
Brahmadesam,50.0342931953509
Brahmana%20Periya%20Agraharam,48.604892337630126
Brahmanandapuram,53.247578739230164
Brahmapur,52.51092041691506
Brajarajnagar,59.74826878808462
Bramhabarada,58.53357574395903
Bucheya,52.040974444258175
Buchireddipalem,48.3555244654917
Budalur,43.533185831650904
Budamangalam,48.4628039505631
Budanur,65.50671431929781
Budaun,40.28009665372479
Buddayyakota,56.97451804736265
Buddh%20Gaya,50.01464996206943
Budha%20Theh,25.813739620351555
Budhlada,25.810980604771714
Budhma,57.285205040637706
Budhni,59.75733134047086
Budili,61.899710550479284
Bugganipalle,56.385193423749314
Buguda,56.403401841127724
Bukkapatnam,59.18556885700364
Bukkarayasamudram,55.60932493824256
Bulandshahr,36.09164764580835
Bundala,25.79694367089922
Bundehra,55.22977719086165
Bundi,44.37235134597324
Bundu,60.30301107712124
Buram,56.975890988771916
Burhanpur,58.95823168574328
Burhar,56.992174813846255
Burhia%20Dhanghatta,61.181135876220196
Burla,58.96395240183816
Buttar,25.635800053552387
Buttayagudem,56.604104380949565
Buxar,49.13869849691455
Byadgi,81.79245731032093
Byahatti,78.51132938835146
Byatarayanpur,70.03610272939586
Calicut,76.73399239514124
Candolim,81.15304474185065
Cannanore,79.13039160063671
Cawnpore,44.198646700181115
Chabal%20Kalan,23.844189448292855
Chada,55.962894308660985
Chadchan,59.82770402873372
Chagalamarri,56.418577887485725
Chagallu,53.48834770346219
Chahatpur,63.247934302061836
Chailaha,53.78062607040884
Chainpur,49.49335551498699
Chaita,53.731728768616016
Chaital,60.48606630420945
Chak%20Habib,53.35988304392154
Chak%20Husaini,54.99079639360152
Chak%20Pahar,52.32413218346424
Chak%20That,54.2438603928394
Chakai,62.853889109814915
Chakand,49.66422549723804
Chakapara,58.69207483003157
Chakdaha,58.66288864597122
Chakia,53.19870277019014
Chakicherla,48.183522604821555
Chakla%20Waini,54.07149504005369
Chakradharpur,60.07809403685434
Chakwai,50.3733150499025
Chalgeri,77.35141775415536
Chalkari,58.372419715193956
Challakere,66.22995540418879
Challapalle,50.2470080997991
Chaltabaria,60.42519832758233
Chalungalpadam,77.40174701285085
Chamarru,52.3546389585608
Champadanga,58.06089803719937
Champahati,60.36052231648501
Champapur,53.12946976262807
Champdani,58.95505782892154
Champua,61.625249574740636
Chamrajnagar,65.01843853824812
Chamtha,51.99539732147535
Chanaur,57.437298121673926
Chand%20Chaur,52.8125494341108
Chanda,58.38609602881815
Chandankiari,57.334326948508654
Chandannagar,58.74664399844094
Chandauli,54.07149504005369
Chandera,49.094275150177204
Chanderi,50.77552026521886
Chandhaus,49.59569987275519
Chandi,60.40441737597321
Chandia,55.09404588038492
Chandigarh,30.148126949596495
Chandili,60.85971269695728
Chandla,48.90361113650301
Chandpur,58.074361553007044
Chandpura,53.47115844012983
Chandragiri,49.934415505401766
Chandrakona,57.11137864372292
Chandralapadu,52.31054741849941
Chandreru,51.72261293196495
Chandur,55.22121779653089
Chandwa,57.01128829526973
Chandwara,55.409197597735975
Changanacheri,78.26930164500023
Channagiri,80.16647178479158
Channapatna,68.03567099792406
Channarayapatna,73.93013565629867
Channubanda,54.305819495367466
Chanp,51.23115790889241
Chanwari,58.736695656288944
Chaoke,24.742723395176213
Chapalamadugu,53.15188968477917
Chapar,67.64802472451089
Chapra,54.02287711355872
Charabidya,61.4363102574498
Charakunda,55.71773169861888
Charaut,54.65590177953676
Charkhari,47.0355319823888
Charkhi%20Dadri,31.80360612103363
Charne,60.34129643408713
Charthawal,34.73275809477175
Charuanwan,50.69867850909853
Chas,57.62841844208225
Chatia,52.74326022876625
Chatra,53.28256076376746
Chatra%20Gobraura,55.25188394039815
Chaugain,49.05774610190711
Chaukhata,49.055784764619446
Chauki,54.445028922860836
Chauki%20Hasan%20Chauki%20Makhdum,51.69854421469276
Chausa,52.915031652590756
Chautapal,55.548145123196996
Chautham,56.09140382021468
Chavakkad,76.51747448017929
Chavuttahalli,52.43029740029267
Chawalhati,67.16834800048778
Chebrolu,52.076906581953764
Chegur,62.65715609117375
Chegurumomadi,56.628758300306636
Chembagaramanpudur,50.062998565948256
Chengam,49.4968593222819
Chengannur,76.39560191390918
Chennai,45.1581200435081
Chennampatti,53.721336879159864
Chennayyanakote,85.14156925339617
Chennimalai,50.81196437801912
Chennur,51.095195464933376
Cherakhera,56.05421119186168
Cheramkod,81.8341605863081
Cheran,50.594687488200506
Cherial,57.348247488571495
Chero,51.07649368361402
Cherrapunji,81.70580622062664
Chettikulam,46.66403054108954
Chettimangurichchi,51.267038561504435
Chettinayakkanpatti,44.71429671855809
Chettipalaiyam,64.36578054735743
Chettipulam,40.83230985874123
Chettiyapatti,45.08239052819473
Chewara,50.99585846705974
Cheyyar,47.6437904838316
Chhajli,26.689176360046794
Chhapera,55.73650284371089
Chhapia,51.55000304759299
Chhapra,53.49545582085433
Chhapra%20Bahas,53.5443604636062
Chhatapur,60.81319339859788
Chhatarpur,49.421304817437516
Chhindwara,60.828664969068086
Chianki,51.554291852160674
Chicacole,51.82597943017081
Chicalim,82.58420201065826
Chichli,58.17636433887745
Chicholi,64.07570072324128
Chidambaram,42.62230808047505
Chik%20Ballapur,65.22939671551046
Chikhli%20Kalan,63.878389120504714
Chikitigarh,52.75081848023394
Chikkala,53.377765169279975
Chikkarampalaiyam,52.80777334751462
Chikkerur,84.58312369854436
Chikmagalur,80.10233009394074
Chiknayakanhalli,68.20449427401823
Chikni,60.2028779444625
Chikodi,78.89797311124373
Chilakalurupet,50.80500733322715
Chilakhana,68.7392399718626
Chilamatturu,64.12362001568894
Chilkuru,53.67090557864691
Chilmil,53.317040556083306
Chilpur,56.76695599546189
Chimakurti,50.13170032654805
Chimalapadu,53.853753226752495
Chinaur,44.21895557408503
Chinchali,72.28522202503245
Chinchinim,82.36807690979025
Chincholi,65.73906450412754
Chinchvad,73.83257985231789
Chingleput,45.87843862159396
Chinna%20Annaluru,49.57221550579353
Chinna%20Ganjam,49.377738594770804
Chinna%20Gollapalem,50.35481440901932
Chinna%20Kalaiyamputtur,54.78303168264081
Chinna%20Mupparam,56.974864797578014
Chinna%20Mushidivada,51.222298404101615
Chinna%20Orampadu,49.05303850804016
Chinna%20Salem,46.59684470808055
Chinnachauku,52.694587894965025
Chinnakkampalaiyam,49.63634469268452
Chinnakkavundanur,50.60395552766456
Chinnalapatti,47.90851992535486
Chinnamandem,52.35789063310274
Chinnamanur,76.37410994090452
Chinnampalaiyam,67.7046404312268
Chinnasekkadu,45.473118080533375
Chinnatadagam,65.39063291012121
Chinnavadampatti,62.67752555583447
Chinnayagudem,53.92896295875009
Chintakommadinne,52.5216493326
Chintakunta,53.123615621444955
Chintalapalle,72.4027742248592
Chintalapudi,54.46749738032593
Chintalavadi,44.726420970378975
Chintamani,59.98262685334835
Chintapalle,69.505638377434
Chipurupalle,53.367541346015216
Chirak,24.34464325186674
Chirala,49.909322781816826
Chitaldrug,73.48464142183589
Chitapur,62.7599492263039
Chitarpur,58.76845311348738
Chitauria,58.851374035771485
Chitrada,51.50552666639252
Chittandikavundanur,82.50023193445493
Chittaranjan,57.012383602228766
Chittarkottal,39.450157304977196
Chittaurgarh,48.23972045186288
Chittayankottai,46.9270650233529
Chittoor,51.092721967076706
Chittur,51.267038561504435
Chitvel,49.6268186792924
Chityal,55.58944581389577
Chodavaram,55.06452357808756
Chokkalingapuram,44.557395385279975
Chokkampatti,54.65227696060103
Chokkanathapuram,52.501452535426694
Cholavandan,45.619227034279945
Cholavaram,45.89813030489085
Chonthrhu,43.93822960826919
Chopadandi,56.443595334217925
Chorhat,52.01721623513887
Chota%20Mollakhali,62.246212156132025
Chudamani,56.017538482137546
Chuhal,29.192096425210213
Chuhr%20Chak,25.17385625823914
Chunakhali,61.4363102574498
Churi,57.138913177978495
Closepet,67.83022604980546
Coimbatore,67.37754490810707
Colangute,81.41420545192783
Colgong,55.98973767630838
Conjeeveram,47.2617817918501
Contai,57.354487024245465
Coondapoor,84.19900487793389
Coonoor,67.62472269540315
Corgao,81.1297938589036
Coringa,50.363325782640274
Cortalim,84.31336620278128
Cossimbazar,57.40885610013033
Cuddalore,42.83033650501465
Cuddapah,52.694587894965025
Cumbum,52.99789361068654
Cuncolim,82.96183177902236
Curchorem,83.91920881390736
Curti,85.28351645878709
Curtorim,82.4498465254539
Cuttack,58.0960684671995
Dabhaura,48.91223965001415
Daboh,44.40947078798893
Dabra,44.405399255587206
Dachepalle,52.67235220116778
Dagarua,61.733265591037245
Dagmara,59.23127984848105
Daharia,60.001397202521524
Dahi,59.70049329748841
Dahibhat%20Madhopur,55.258041216844184
Dahua,55.724012714888765
Daita,58.58984746144836
Dakhram,56.4071775936335
Dala,24.83712715329245
Dalan,59.10295728084064
Dalavaypattanam,50.19273133281607
Dalawarpur,52.783804749205345
Dalippur,49.24102332923628
Dalkola,63.015257185193114
Dalli%20Rajhara,62.5118788632407
Dalsingh%20Sarai,52.8125494341108
Daltonganj,51.554291852160674
Dam%20Dam,59.34895420830256
Damal,48.30752490161165
Damalcheruvu,52.544873549273525
Daman,67.30132502855037
Damarcherla,52.79975512512967
Damargidda,64.4462513325169
Dambal,75.22076304404646
Damdama,57.61537681258387
Dammapeta,56.76780957993684
Dammennu,53.528770211000385
Damoh,54.494460584016934
Damonojodi,68.71877990710294
Damu,55.15498210529712
Damua,66.63936669257106
Danau%20Kandimarg,39.676141904327245
Dandeli,85.16729377629845
Dandkhora,60.234177989118415
Danwan,49.482226478504984
Daparkha,60.500522621896025
Dara,58.01895794577793
Darauli,49.98752502890876
Darbhanga,55.18933998287374
Dari,58.08619797660016
Darihat,49.2243347481359
Darjeeling,82.57416345479115
Darmaha,52.814722980962635
Daroji,75.79830981187426
Darpa,53.124266318098606
Darsi,50.73498879181766
Darsur,55.10189854136019
Darwa,52.86432294665147
Dasai,64.83986176299548
Dasarhalli,70.03610272939586
Dasaut,55.21783580285341
Dasnapur,58.09783005929936
Dasraha%20Bhograjpur,51.2696435276866
Dasuya,27.288932365239095
Datia,45.276522886042954
Datian,60.06408627263449
Datiana,49.945372955206345
Datoda,61.612585923894144
Dattapara,60.7335243257559
Dattapulia,59.14776857842098
Daudnagar,49.04599750792508
Daulatnagar,59.212742115337306
Daulatpur,59.848053888567506
Davangere,77.38197490584882
Davorlim,82.4498465254539
Davuluru,51.259793505582955
Dayalpur,50.8619151487674
Dayalpur%20Sapha,51.26216155653724
Debagram,57.378759995637836
Degana,34.47851335850086
Dehra%20Dun,45.37470767038206
Dehri,48.75071793551065
Dehti,62.91763327411306
Delhi,34.44108655320984
Delhi%20Cantonment,34.275205404298845
Denduluru,52.820261353545895
Deo,49.93451238938999
Deodha,54.812444507571996
Deodora,61.740713487408996
Deodrug,59.95978838437362
Deogarh,62.07413474978447
Deoghar,57.63274605356101
Deokali,55.21783580285341
Deori%20Khas,57.644572781800505
Deoria,52.48618571133197
Depalpur,62.94909293051076
Dera%20Baba%20Nanak,25.86557165997884
Dergaon,63.22566201229006
Desavilakku,51.67372764990791
Deshnur,82.43789785641322
Desri,51.87319787861111
Devadanappatti,46.497837367612625
Devakottai,43.803536134697566
Devanakavundanur,50.737181531722605
Devanakonda,58.907861099613804
Devanangurichchi,50.60395552766456
Devanhalli,66.59259434634028
Devapur,58.030841523491496
Devarapalle,53.74900843718012
Devarkonda,54.39828162565174
Devarshola,82.8833749974298
Devendranagar,51.83611257372685
Devgeri,81.40239584741522
Devi%20Hosur,81.96576917115861
Devikapuram,48.27039565175581
Devipattinam,39.450157304977196
Devmaudaldal,50.8106124870776
Dewangarh,51.4224807410027
Dewas,60.856433474600514
Dhabauli,57.59578025351768
Dhaka,53.32367108674427
Dhakaich,49.063598451702234
Dhamaun,51.23632970922473
Dhamdaha,59.55200583911058
Dhamnagar,57.76695054928073
Dhamnod,60.60116657661524
Dhamsain,56.17156332113808
Dhamtari,60.61408421957134
Dhamua,60.455135894980764
Dhana,55.883960953496114
Dhanauli,55.24376524826357
Dhanaura,55.67238063395754
Dhanauri,29.051383644295377
Dhanbad,57.49636828819862
Dhanga,55.231584844673556
Dhangaraha,51.37172437894464
Dhansaria,57.61537681258387
Dhantola,65.67173647010267
Dhanupra,56.1881934176524
Dhanur%20Kalyanwadi,65.32410069385419
Dhanwada,62.5427580129591
Dhanwar,55.70373310290761
Dhar,64.21626943465394
Dharampur%20Bande,52.07899655254728
Dharampuri,58.33236794641794
Dharamshala,45.09820466994268
Dharapuram,49.38961118994362
Dharawat,49.56618685514172
Dharhara,54.20099841553049
Dharhwa,53.31981907372484
Dharir,61.230138316895044
Dhariwal,26.89826341671008
Dharmajigudem,53.731944129823916
Dharmapuram,58.47344667281712
Dharmapuri,54.521135851520846
Dharmaragar,68.41562817993038
Dharmaram,56.75788835673067
Dharmasagaram,56.94310993093469
Dharmastala,87.52043829158784
Dharmavaram,53.48555771291938
Dharmkot,24.279201209388667
Dharmsala,45.691557032018544
Dharphari,52.36634770112518
Dhaula,25.758189817959757
Dhauni,54.51202502093323
Dhekiajuli,64.67337116081174
Dhemaji,67.06123458640614
Dhenkanal,59.36536975163512
Dhilwan,25.928693759357703
Dhilwan%20Kalan,22.526283565815582
Dhing,61.76848009138472
Dhobauli,53.22038023846567
Dhobipet,63.07062458433104
Dholbaja,62.12229758428193
Dholka,54.46888228676289
Dhone,57.781168174981964
Dhoraji,59.88528512054413
Dhorgaon,59.74235030421715
Dhuburi,66.19903224653757
Dhulia,57.12186122584136
Dhulian,57.780889599849615
Dhulkot,59.97654972182954
Dhumnagar,52.7850293410221
Dhupgari,68.37213903184195
Dhuri,26.882275000544347
Dhusar%20Tikapatti,57.93252891372724
Dhutauli,55.72383697921149
Diamond%20Harbour,60.34199187680841
Dibraghani,58.86731861263794
Dibrugarh,64.26318634031502
Dicholi,84.65365210495801
Digboi,62.96438919686736
Dighaun,56.085024531708314
Dighawani,62.88598088624551
Dighirpar,61.230138316895044
Dighwa,51.97405406990099
Dighwara,50.714762062948
Diglipur,61.93069468957989
Dihri,51.19475821131646
Dilarpur,58.01539141764363
Dilawarpur,58.059908032711824
Dildarnagar,48.39245287744949
Dimapur,60.36392329395351
Dinanagar,26.75258136292343
Dinapore,50.08569056158581
Dinara,47.47435423025319
Dindigul,45.695751620560095
Dindori,63.35231811132579
Dinhata,68.250376288133
Dinmanpur,55.13102373495189
Dip,57.07070219578481
Diphu,61.36760445198734
Dirba,27.406809084496075
Dirusumarru,51.549413358068044
Dispur,65.11376199002765
Diu,54.90267658456186
Dobhawan,51.4139839087602
Dobni%20Para,67.96460552101767
Dod%20Ballapur,68.26903361505207
Doda,22.396575318245425
Dodarasinakere,65.38612738255658
Dodda%20Siddavvanahalli,73.48464142183589
Doddanahalli,65.18746911176594
Doddappanayakkanur,48.10610249911252
Doddipatla,51.50587553082685
Dodvad,82.43789785641322
Dogachi,57.63174099999381
Dohta,67.0010129280414
Doiwala,41.0288280513445
Domahani,57.37554230177461
Dombachcheri,46.32585752967463
Domchanch,55.941316041620766
Domkonda,59.76595803141792
Dommasandra,66.95761189143457
Donabagatta,79.73200899218924
Dora,60.70591161851921
Doranahalli,60.760312853229465
Doranala,53.041997487149466
Doranda,54.84944692100465
Doria%20Sonapur,62.9108051018335
Dornakal,56.72835320881073
Dowlaiswaram,53.22338865394946
Drabar,41.555562293432764
Draksharama,51.608815105416156
Drug,59.97136122473386
Dubacherla,53.67163717626502
Dubak,57.630439047545245
Dubrajpur,58.47084623395833
Dudhauni,40.46155888686552
Dudhpura,54.2438603928394
Dugda,57.486283386587196
Duggirala,51.42578446489549
Dum%20Duma,63.5840515939934
Dumaria,52.51770890175104
Dumjor,58.74055746342762
Dumka,59.46405212584478
Dumra,55.97712663065005
Dumraon,49.09984943244947
Dumri,51.70721207467863
Dundigal,61.093897475312936
Duraiswamipuram,44.473579083767596
Durgapur,57.110941900098126
Durgi,52.754075464171336
Durpalli,58.91619948382842
Duvva,52.735195902827144
Duvvuru,51.369115974441044
Dwarka,51.29247669409291
Edlapadu,51.42398906174452
Eduttavaynattam,47.917209655974744
Egra,57.92696219553616
Ekalbehri,61.265655099042164
Ekamba,62.1026327810937
Ekangar%20Sarai,49.85031055086514
Ekchari,55.36239819595071
Ekhari,55.63822029433504
Eklahra,65.52855005120813
Ekma,54.25603470486164
Ekwari,49.29480456443208
Elambalur,45.70597811545262
Elandakuttai,50.172261556590875
Elattur,51.56057875031363
Elavanasur,45.422264267612164
Elchuru,51.247801058179896
Elesvaram,54.633861398674874
Ellamanda,51.82616511992781
Ellenabad,23.57012387136531
Ellore,52.436018157216544
Elumalai,46.16279163506617
Elurpatti,44.96988798170181
Elurupadu,51.50106250074134
Emmiganur,59.00838564573563
Emmiganuru,60.1777112907099
Enamadala,51.578224024232256
Ennamangalam,52.33094370124541
Enumulapalle,59.18556885700364
Eral,40.24315841525366
Eranapuram,51.82808213579719
Eraniel,58.599139414287734
Eraura,50.58001150657239
Eriyodu,43.735252059053366
Ernagudem,53.719539159609944
Erode,48.604892337630126
Erraballa,52.75938357345728
Erragondapalem,53.46040349438935
Erraguntla,55.7770454467779
Erraguntlakota,49.58452268758325
Errahalli,52.43029740029267
Erravaram,51.06364543805169
Erumad,82.18455333968197
Erumaippatti,49.81441843099634
Erumapalaiyam,52.89113092531251
Ervadi,39.26597260105293
Esanai,46.09543457991354
Etah,39.8513715400433
Etawa,54.36608666830519
Etawah,41.566720949811106
Ettaiyapuram,42.12206170043212
Ettapur,48.07072476578575
Ettimadai,76.11180258412637
Fakirtaki,60.89579017113584
Falakata,68.5630128931454
Falimari,68.99826371252881
Farakka,58.49909558105638
Faridabad,34.69879538512144
Faridkot,22.415976657306967
Farrukhabad,41.4014667334041
Farrukhnagar,63.651325600695834
Fateh%20Nangal,26.89826341671008
Fateha,52.20879260847216
Fatehabad,34.378315746279185
Fatehgarh%20Churian,25.37690313813869
Fatehpur,53.63016183424371
Fatehpur%20Bala,53.26241036234519
Fatehpur%20Shahbaz,50.43432446062703
Fatehpur%20Sikri,39.08179217514582
Fatwa,50.55583597933986
Fazilka,20.08601470102922
Ferozepore,21.952083681313475
Forbesganj,61.58732490911087
Fraserpet,80.88377766167359
Fyzabad,47.6542843499511
Gadag,77.07426853580154
Gadarpur,40.708580304984736
Gadarwara,58.329123419006834
Gadaul,56.09097933123078
Gadda%20Madiral,56.78403975077484
Gadwal,59.61166925107345
Gainrha,61.92918428689608
Gairtganj,59.04798312593991
Gajendragarh,71.8050234748643
Gajhara,55.63822029433504
Gajiginhalu,60.5412188828754
Gajwel,59.084042149442546
Galatge,78.89797311124373
Galivedu,54.47064423690382
Galsi,57.45668010022164
Gamail,58.67215614466248
Gamharia,58.48365102910767
Ganapatipalaiyam,62.18633944275344
Ganapavaram,51.5448473528103
Ganaram,59.55043303093974
Gandarbal,27.95506477083718
Gandhari,62.22766743812689
Gandhidham,45.78190165261549
Gandhwani,60.08889592681525
Gandikunta,51.009095827791285
Gandlapenta,54.921844480469076
Ganeshpur,60.098714951095516
Ganga%20Sagar,58.312595882345036
Gangadhar,56.48616216895542
Gangaikondan,44.207161278402204
Gangajalghati,57.492984758287136
Gangammapeta,51.55059154558551
Ganganagar,19.937324718827654
Gangania,54.665179224448195
Gangapatnam,47.769710180325966
Gangapur,57.4293465812647
Gangapur%20Athar,53.26241036234519
Gangarampur,62.61296900900913
Gangaur,54.97576663974124
Gangaura%20Behra,57.691050046580465
Gangavalli,47.789731005527145
Gangawati,62.74730772804653
Gangoli,84.21823790504331
Gangtok,83.13518528940325
Ganguru,51.73278580245999
Ganguvarpatti,46.497837367612625
Ganjam,51.53736946409078
Gannavaram,51.89446126400904
Garag,81.64809500785601
Garaimari,57.751291207574766
Garh%20Sisai,52.76546463672461
Garhakota,54.11204939370742
Garhara,52.20579447651104
Garhi,53.79366288469174
Garhpura,54.72687170975569
Garhshankar,30.29557515535227
Garhwa,51.82305648597096
Garkha,50.47348571925622
Garot,52.598934469801684
Garsekurti,56.39746684386967
Garulia,58.95505782892154
Gatada,53.367541346015216
Gauli%20Palasiya,64.32380016665631
Gaundra,52.67461515306329
Gaunivaripalle,59.50631194521579
Gaura,53.0384264665794
Gaurdah,56.24672923148438
Gaurihar%20Khaliqnagar,53.178447646850174
Gauripur,66.19903224653757
Gautampura,62.0437406640862
Gavinivaripalem,49.96657295399003
Gaya,49.82662546056721
Gayaspur,50.23896189895864
Gazulapalle,60.09009898667271
Gethaura,61.329333134220335
Ghagga,27.86016096147238
Ghal%20Kalan,24.13604888932873
Ghalib%20Kalan,25.08049171855757
Ghambiraopet,58.72429141933551
Ghandinagar,56.04027658526377
Ghanipur%20Bejha,53.20844131121293
Ghanpur,61.51203030215851
Gharbara,35.202508316998426
Gharyala,23.24591173725466
Ghat%20Borul,65.32410069385419
Ghatal,57.45751447769167
Ghataro%20Chaturbhuj,51.186737081606154
Ghatawan,48.78959380731839
Ghatkesar,56.947957176716905
Ghattu,56.707558633291306
Ghattupal,55.53371054626252
Ghaura,52.03887897338826
Ghaziabad,34.5675746555401
Ghazipur,48.283792644676936
Ghogaon,57.42810376956965
Ghogardiha,58.02951365508107
Gholia%20Kalan,24.17558344227841
Ghoradal,60.821692780596095
Ghorbanki,55.15498210529712
Ghordaur,56.24672923148438
Ghosai,57.10792899911009
Ghosrawan,50.12414937530651
Ghoswari,50.91221771161697
Ghoti%20Budrukh,81.98278207976092
Ghusiya,49.03748363247484
Giddalur,53.66223776473048
Giddarbaha,22.3907400376015
Gidha,59.10146669825321
Gidi,57.91963867576295
Gil,27.423239079130905
Gilarchat,60.98081161495064
Gingee,47.30510975509318
Giria,57.51909951124
Goalpara,66.25818773768427
Goasi,60.558743744881895
Gobardanga,60.06639660207927
Gobardhanpur%20Kanap,49.18555644800625
Gobindgarh,29.056335822885003
Gobindpur,51.57301742592983
Gobindpura,23.727037383325392
Godda,56.063825346376
Godhra,61.45275215106478
Goh,49.496060958490624
Gohadi,42.150876398910924
Gohi%20Bishunpur,54.581048116784494
Gohna,32.33537564249618
Gohpur,63.64809803311788
Gohuma%20Bairia,56.50533335846393
Gok,75.00917297374042
Gokak,72.74526547936281
Gokarn,84.69941470863759
Gokarna,57.71298128197883
Gokavaram,55.58768652103146
Gokhulapur,61.49824900386018
Gokinepalle,53.853204558363196
Golaghat,62.695970913015934
Golakpur,49.72776957588714
Gold,32.781647825601304
Golet,58.24012381003701
Gollalagunta,53.29402684106903
Gollapudi,51.998630362026866
Gomoh,58.68453910866816
Gondalga,56.96405039697358
Gondia,60.608604981493045
Gonegandla,58.87004647601124
Gonghaur,55.25188394039815
Gonikoppal,88.2886979007059
Gooty,56.893970660154714
Gopalapuram,54.10453866077808
Gopalasamudram,44.30609011811438
Gopalganj,52.233133881488634
Gopalnagar,58.428162295391004
Gopalpur,51.21170197973138
Gopavaram,53.80347016774396
Gopichettipalaiyam,50.25307977956216
Gorakhpur,50.18713954226556
Gorantla,61.899710550479284
Goraya,27.26520579771658
Gorha,60.51918236339035
Goriar,57.7644302625465
Goribidnur,65.95700939993597
Gormi,41.76795534249188
Gosaingaon,55.314796250837716
Goshaingaon,67.87400295410588
Gothini,49.914740076037816
Govindapalle,58.280663139796104
Govindapuram,51.621671548965985
Govindgarh,51.92603990489198
Gua,62.471973293958825
Guabari,66.21432283647069
Gubbi,68.09262609511143
Gudalur,54.421689345638114
Gudgeri,82.3641859251932
Gudibanda,66.21923737319611
Gudikallu,59.00838564573563
Gudimulakhandrika,51.10978604789238
Gudipallipadu,48.27103236768349
Gudivada,51.147555732606804
Gudiyattam,51.048620654676036
Gudlavalleru,51.2901311398528
Gudluru,48.448132762964825
Gudur,53.44188152577927
Guduru,58.09464641722591
Gugi,60.30715126080562
Gulam,57.708909642631355
Gulbarga,62.53868655500142
Guledagudda,68.59934204008441
Gulgam,27.649897923524367
Gullapuram,47.856358598830006
Gulni,50.66345947411657
Gulyam,60.80632171111704
Gumia,59.134387864737725
Gumla,65.00569440462411
Gummudipundi,47.38221989646754
Guna,53.55248640392269
Gundi,56.5076834603797
Gundlapelle,52.197986476590685
Gundlupet,62.311559215004074
Gundrajukuppam,49.22726045063211
Gundugolanu,52.80398255839241
Gundumal,63.41024681656967
Gundur,43.74312924810952
Gunjapalle,55.24786170200318
Gunri,49.74681223408877
Guntakal,58.82453749710057
Guntakal%20Junction,56.893970660154714
Guntapalli,51.58643028103964
Guntupalle,51.998630362026866
Guntur,51.49765706081598
Gunupur,59.05617548801738
Guraahai,34.24090573626702
Gurdaspur,27.16760624546431
Gurgaon,33.85993658627239
Gurgunta,61.51807290615229
Gurh,51.875473944575866
Guria,60.553389038177194
Gurmaila,57.60716299971673
Gurmatkal,64.82530329771592
Gurmia,51.186737081606154
Gurramkonda,54.46412102924271
Gurrampod,54.364048135022884
Guru%20Har%20Sahai,21.42512721608073
Guruvayur,76.51747448017929
Guruzala,52.68036840423995
Gurwalia%20Biswas,53.1644350885192
Guskhara,57.856597130277656
Guttal,77.43630260189137
Guttikonda,52.44033865427439
Guwahati,63.67127573321914
Gwalior,42.72068029188874
