city,year,avg_humidity
Abbigeri,2013,82.69370106693977
Abdullahnagar,2020,86.96484800546442
Abhayapuri,2020,87.98778826741811
Abhia,2020,85.71832558640692
Abhwar,2020,85.73597346823767
Abiramam,2010,65.38610757445358
Ablu,2011,70.4483948043033
Abohar,2011,66.40717941700795
Abu,2023,81.08487703415284
Achaljamu,2020,87.18486945252724
Achampet,2020,77.4087013685107
Acharipallam,2019,87.70618738456254
Achchippatti,2019,85.22311669808725
Achhnera,2013,76.18929932479504
Adalaj,2013,78.75095341769115
Adalpur,2021,85.12889978551904
Adamankottai,2020,75.35599333435783
Adampur,2018,76.17406139480867
Addanki,2010,74.79707955259552
Adigappadi,2020,74.21573098189909
Adigaratti,2013,91.41189527561471
Adigoppula,2020,75.13129535826495
Adilabad,2013,80.64534309153011
Adivala,2013,79.10982285245893
Adiyakkamangalam,2022,70.95761275409835
Adoni,2020,76.2142248709014
Adra,2020,86.40742435348373
Advi%20Devalpalli,2020,75.18155730464477
Adyar,2020,92.22307695730885
Afzala,2021,85.28963654849727
Afzalpur,2020,78.82051347814213
Agadallanka,2020,81.51500615881164
Agadi,2013,86.5872923548497
Agar,2013,80.63275631898898
Agaram,2010,73.73508649453541
Agarpur,2020,85.79827937055994
Agartala,2011,87.09675731079241
Aginiparru,2020,81.75193775375661
Agiripalle,2020,81.45524220628411
Agra,2013,76.99738921516423
Agwar,2013,76.99738921516423
Ahirauliya,2021,85.0812117076502
Ahiro,2020,85.32104587841533
Ahmadabad,2020,87.74751078039606
Ahmadnagar,2020,84.5083834784836
Ahmadpur,2020,85.6535191799863
Ahmedabad,2013,79.29972616393445
Aigali,2020,83.24244951673495
Ainapur,2011,84.4105164405737
Aizawl,2011,91.59151200683067
Ajaigarh,2013,80.89947436031449
Ajas,2013,69.03589122814208
Ajjampur,2013,85.95830621277315
Ajjanahalli,2010,73.25290975819661
Ajjipuram,2022,80.33600437670748
Ajmer,2023,71.50301086509566
Ajnala,2023,75.16373369637991
Ajodhya,2021,85.24705120765032
Akalgarh,2018,77.17788475853828
Akanavaritota,2020,83.63697278005473
Akbarpur,2021,85.06754112380469
Akhnur,2013,75.59240105532785
Akividu,2020,81.55910272950841
Aklvidu,2020,81.65068221926242
Akola,2013,80.55122309597012
Akora,2013,78.97887358572392
Akot,2013,83.14855722301908
Alagappapuram,2019,82.89430320833337
Alagarai,2010,66.68661782650261
Alamnagar,2020,85.83203088217218
Alampalaiyam,2013,78.31796488661206
Alampur,2013,77.7913458122723
Alampur%20Gonpura,2020,84.07774913353833
Alamuru,2020,83.87869136168038
Aland,2020,82.23652914002723
Alanganallur,2010,68.82779665983593
Alangayam,2022,73.60177263456275
Alangudi,2010,70.1397864771174
Alangulam,2013,78.88188058094242
Alasandigutta,2020,76.2095369146175
Alauli,2020,85.24155154747294
Alawalpur,2018,76.70998477698075
Alawandi,2013,81.71481211031407
Aldona,2011,91.4897715225412
Algun,2011,73.51851183094264
Aliganj,2020,84.25001044057376
Aligarh,2013,78.20764715129754
Alipur,2013,79.43427533709018
Alipur%20Duar,2020,89.91204979678972
Alipura,2013,79.61667486065593
Aliyabad,2010,72.17979955259548
Allagadda,2020,73.66993748463119
Allahdurg,2020,80.52869175648902
Allahpur,2013,77.75952375956298
Alleppey,2013,90.18389952561483
Allinagaram,2013,79.00283485997274
Allur,2010,74.19410834494528
Alluru,2020,73.66993748463119
Almel,2020,81.14387216939899
Almora,2013,88.2693903702185
Alnavar,2011,92.38194334016393
Alukkuli,2013,83.1015502141396
Alur,2020,76.48418738319663
Alwa%20Tirunagari,2010,65.6613596734972
Alwal,2020,81.72195814651641
Alwar,2011,74.48925315385915
Alwarkurichchi,2013,85.54948803620243
Alwaye,2013,91.81625504508204
Amadalli,2020,95.60405939241811
Amaha,2020,86.236559409153
Amalapuram,2020,83.32702410211746
Amalner,2013,80.95867627493156
Amangal,2020,79.86521841769114
Amanganj,2013,81.34624055635263
Amarapuuram,2013,78.79273992452164
Amaravati,2020,78.97642456096317
Amarchinta,2020,77.68594801024595
Amari,2020,84.68747657991813
Amarpatan,2020,81.83073071823783
Amarpur,2020,86.33076593032796
Amarwara,2020,84.54834116905734
Amayan,2013,78.4572093609974
Amba%20Icharua,2020,85.24278761919408
Ambajogai,2020,82.30632050717206
Ambala,2013,76.96236888456284
Ambara,2020,87.02525982342891
Ambasamudram,2013,80.1775740403005
Ambattur,2010,75.58408685655732
Ambatturai,2010,79.31194249487692
Ambhua,2020,87.12639098394816
Amgachia,2021,87.2128293808062
Amha,2021,85.92907494842913
Amiawar,2021,83.02735285450831
Amingaon,2012,88.85975751400261
Amingarh,2020,80.02901665402992
Aminpur,2020,82.5530717609291
Amjhar,2021,82.7661398114753
Amjhera,2013,84.81267561168042
Amla,2020,86.97607718818298
Ammanabrolu,2020,76.36849994364749
Ammapettai,2010,74.82072783316258
Ammavarikuppam,2010,72.2138884159835
Ammur,2010,71.0749537762978
Amodei,2021,85.34146542452213
Amrabad,2020,79.9477860181009
Amravati,2020,81.88283144057378
Amritsar,2023,75.99357373668033
Amroha,2013,82.89588354781418
Amta,2021,86.82674204918054
Amtala,2011,87.26323944176912
Amudalapalle,2020,79.42395612841536
Amudalavalasa,2010,84.3738978568988
Amwa%20Majhar,2021,85.90950822848365
Anaiyur,2010,68.87482595081974
Anakapalle,2010,83.66483375512291
Anakaputtur,2010,75.32975758094268
Anamalais,2013,88.30093055362033
Anand,2013,81.75143090846974
Anandpur,2021,82.22750669273671
Ananipalle,2010,76.10317451502732
Anantapalle,2020,83.54053724692615
Anantapur,2020,73.53062361372945
Anantarazupeta,2010,73.01503105259565
Anantasagaram,2010,70.52642090368832
Anantpur,2020,84.74771074180335
Anavatti,2011,90.39559882752766
Andal,2020,86.61984825273238
Andanappettai,2010,73.72302088627048
Andhana,2020,83.6449533025955
Andhra%20Tharhi,2021,85.85306731045075
Andipalaiyam,2017,79.70955318237702
Andippatti,2013,75.10586563592899
Andiyappanur,2022,74.1785774320356
Anekal,2020,84.03268562124316
Angalakuduru%20Malepalle,2020,79.2865431827187
Angalakurichchi,2013,80.73259621004087
Angallu,2010,74.62299899385268
Angamali,2013,91.8359722930327
Angichettippalaiyam,2010,70.37140013046461
Angul,2016,85.6864704610657
Angwali,2021,85.68822289310111
Anjad,2013,80.17528559938538
Anjangaon,2013,83.93760987670753
Anjehalli,2020,74.59719655362035
Anjukulippatti,2022,77.80497000546457
Anjuna,2011,90.48057712875682
Ankalgi,2011,87.3965056482237
Ankireddikuntapalem,2020,78.8066164600409
Ankli,2020,86.87331357137957
Ankola,2011,94.87975796516342
Annamalainagar,2010,72.1169894334017
Annaram,2020,73.95905452254114
Annavasal,2022,66.5786469832649
Anndevarapeta,2020,83.59149916564222
Annigeri,2013,85.97401828210356
Annur,2013,82.56567198292348
Antardipa,2020,87.03082653039623
Antarvedi,2020,83.69183793579244
Antarvedipalem,2020,83.69183793579244
Antri,2013,78.47774393374316
Anuppampattu,2020,75.26372147506844
Anuppur,2013,83.6490694193991
Aphaur,2021,84.86149215266386
Apparaopeta,2020,83.6608673917348
Appukkudal,2010,82.79969624009567
Arachchalur,2010,73.76871104269127
Arajpur,2020,86.55833081454927
Arakere,2010,81.62057544023216
Arakeri,2020,82.79502652868844
Arambagh,2021,87.02822874180336
Arambakkam,2010,74.74933331181694
Aranda,2021,84.96229273121595
Arani,2010,74.50281382206278
Arantangi,2010,73.66661523941275
Aranya%20Kalan,2013,81.94699462329207
Araria,2020,87.32710219740434
Arasur,2017,84.12059379644803
Aravakkurichchi,2022,65.48668637397553
Aravelli,2013,78.80274473428953
Arcot,2020,70.56041314105174
Arda,2018,86.67205185109277
Areraj,2021,85.77897380054652
Arimalam,2010,72.23542415198085
Ariyalur,2022,66.86383994433044
Arkonam,2010,72.79381764412584
Arma,2020,84.37713633196718
Armur,2020,79.47732639378407
Arni,2010,70.53095280362032
Arniya,2020,84.7750948971995
Aroali,2020,87.13638868784167
Arohi,2021,87.1840415648907
Aron,2013,81.22313276229518
Arrah,2020,83.9652072674182
Arrapalli,2020,80.27781160724027
Arsali,2020,83.42449103790993
Arsikere,2022,83.19735860587443
Arugollu,2020,83.03614357308751
Arumanallur,2019,89.19313679610671
Arumbavur,2010,73.87767227185788
Arumuganeri,2010,70.2111430044398
Aruppukkottai,2010,64.66729977937165
Arutla,2020,78.81026710587444
Aruvikkara,2019,90.24948590915287
Arwal,2020,83.69131464275962
Asafabad,2013,80.57301805942622
Asahni,2020,84.64475289139372
Asakapalle,2010,83.97497515983615
Asansol,2020,86.56467014924851
Asarganj,2020,85.37759414480874
Asarhi,2021,83.58484082752744
Ashoknagar,2013,80.7722552653688
Ashta,2013,82.38866076468567
Ashwaraopeta,2020,83.51447917315579
Asthanwan,2021,84.06696182718586
Aswapuram,2020,82.2424252636614
Atari,2013,74.11203710792353
Atchampeta,2020,74.26837986782806
Athagarh,2016,86.44553777971336
Athar,2021,84.93449311851096
Atharga,2020,81.4786214385246
Athni,2020,83.24665713900298
Atlapadu,2020,83.87869136168038
Atmakur,2020,76.92851838481903
Atmakuru,2020,75.34097141666678
Atner,2020,84.73151240505476
Attanur,2010,79.9729675314208
Attappampatti,2010,79.71348905976781
Attibele,2020,82.10644388763683
Attili,2020,82.35860151502756
Attimarappatti,2010,70.05163530430323
Attingal,2019,89.95610868545087
Attippattu,2020,78.2695368172815
Attur,2019,87.00805713456276
Atturkuppam,2010,72.16410193476787
Auhar%20Sheikh,2021,85.90950822848365
Aurad,2020,81.35215917896174
Aurahi,2020,86.66878508051566
Aurangabad,2020,83.61969293596304
Auria,2020,85.53700508879808
Auta,2020,84.17764568476753
Avadattur,2010,79.01122676229514
Avadi,2010,75.0548295860655
Avalepalli,2020,80.36944840505473
Avalpundurai,2010,73.79756087295085
Avalurpet,2020,69.81859803346983
Avanashipalaiyam,2010,76.1521442725408
Avanigadda,2020,80.17978012397535
Avaniyapuram,2010,65.90857017827877
Awankh,2023,78.55566566461772
Ayas,2020,85.41282362465856
Ayikudi,2013,87.87929658879757
Ayirapuram,2019,93.68249336612016
Ayodhyapattanam,2010,79.86700851502754
Ayyagarpet,2020,82.83561007445398
Ayyampalaiyam,2010,79.19389731830583
Ayyampettai,2022,67.9037861840848
Azamnagar,2020,87.23865562704901
Azizpur%20Chande,2020,85.35368250717211
Baba%20Bakala,2023,77.92015187226791
Babai,2013,82.99705138900258
Babai%20Kalan,2013,82.36347694142769
Babhanganwa,2020,86.2359791000682
Babhangaon,2020,86.77648424658446
Babhangawan,2020,85.8607743931011
Babhani%20Bholwa,2020,86.18925487875676
Babhantoli,2020,89.18560917896166
Babhniyawan,2020,83.84509070594258
Babhnoul,2020,83.41251221209028
Babura,2020,84.39315696448094
Bachchannapet,2020,79.57219935519109
Bachhauta,2020,85.1995918896859
Bachra,2020,84.37327442793716
Bada%20Barabil,2021,87.34309007684446
Badagabettu,2011,91.58806209972705
Badanahatti,2013,75.89644940027328
Badantola,2020,87.02221791222675
Badarpur,2017,88.62382327322423
Badarwas,2013,80.25764608913914
Badepalli,2020,81.95475306694007
Badkulla,2021,87.14257866359286
Badnawar,2013,84.1758360447405
Badru%20Khan,2011,76.25756314344265
Baduria,2021,87.83556614139354
Baduriatola,2020,82.86655803073778
Badurpalle,2020,82.53509032821059
Badvel,2010,71.33746164651627
Bag,2013,82.9720907903006
Bagaha,2021,86.6304841424181
Bagahi,2021,85.84067519672136
Bagalkot,2020,80.18927569603837
Bagalur,2020,80.89248269381837
Bagalvad,2020,76.84240358094259
Bagaura,2021,84.79252903790976
Bagchini,2013,77.47828782821045
Bagepalli,2020,77.92815694672112
Bageshwar,2013,86.54106985621576
Bagewadi,2020,86.63356390368854
Bagha%20Purana,2011,72.95708467076487
Baghambarpur,2021,86.0744160946038
Baghant,2021,85.11173782923514
Baghauni,2021,84.98466453927601
Baghduma,2020,85.52965633128417
Baghra,2020,84.17976676605188
Bagli,2013,82.58458352356567
Bagnan,2021,86.65304134733599
Bagula,2021,87.4586665874318
Bahadarpur,2013,82.32806173224046
Bahadurganj,2020,87.85203429576529
Bahadurpur,2020,84.16353234016407
Bahagalpur,2020,86.68558992418018
Baharampur,2020,86.68868296789633
Baharu,2021,87.78443235894805
Baheri,2021,84.87649719706292
Bahraigh,2021,83.77103595867484
Bahutal,2020,87.12805799760918
Baidyabati,2021,87.49597075136602
Baihar,2013,87.19753484716539
Baikatpur,2021,84.25813360860646
Baikunthapur,2021,86.87303313592905
Baikunthpur,2020,82.4326809115436
Bail-Hongal,2020,87.02590650034155
Bairagnia,2021,85.30371835758186
Bairia,2021,84.85942327476106
Bairiya,2021,85.5345291297813
Bairo,2020,85.58893018169397
Baisa,2020,85.24744209836074
Baisuhalli,2022,73.45102598702198
Baj%20Baj,2021,86.98145258060106
Bajala,2020,90.79427199453563
Bajpe,2020,91.39253200239078
Bajwara,2023,77.01164153244541
Bakarpur%20Ogairah,2020,86.52568488558757
Bakharia,2021,85.91131038661202
Bakhra,2021,84.98496014993171
Bakhri,2020,85.10521077561476
Bakhtiyarpur,2020,84.54025208401657
Bakwa,2020,85.76970021243176
Baladharmaram,2020,81.33207167554637
Balakrishnanpatti,2022,75.50144206830605
Balangir,2013,81.68649465402989
Balarampur,2020,88.05181970423516
Balasamudram,2020,68.89130401366113
Balasore,2013,85.06348045765012
Balaungi,2018,76.04072056625687
Baldeogarh,2013,80.84979194535515
Balgudar,2020,84.32942867452202
Balha,2020,85.29075619364737
Balhapur,2020,85.19024954508181
Bali,2021,87.20674947677578
Balia,2013,79.1458852725409
Baligaon,2020,83.65486255669403
Balighattam,2010,84.59582098941247
Balkonda,2013,79.76301195696735
Ballia,2020,84.41714948804635
Baltara,2020,85.37863791974053
Balua,2010,87.4898354426232
Balua%20Rampur,2021,85.84127874453553
Balugan,2020,84.79012659870222
Balumath,2020,85.38954108025969
Balupur,2020,87.07657998975421
Balurghat,2020,87.74217612978144
Balvadi,2013,84.80162946379785
Bamaiya%20Harlal,2020,84.63436848941265
Bamaur,2013,78.0335557698087
Bamhni,2013,84.6197886463456
Bamora,2013,80.29868279269125
Banagi,2013,93.21617568613382
Banapur,2016,85.63600482718566
Banaso,2020,87.16013788729526
Banavar,2022,82.37023460006843
Banbhag,2020,86.93572187978138
Banda,2013,82.23031046721309
Bandalli,2010,78.24705533845628
Bandamurlanka,2020,83.4572659873633
Bandipura,2022,70.2270744392077
Bandlaguda,2020,81.56989021687158
Bandora,2011,92.10230638558733
Bandwar,2020,84.49457156489072
Banga,2018,77.4054985211748
Bangalore,2020,83.35435323941262
Banganapalle,2010,72.16785964344253
Bangaon,2020,87.06555934460387
Bangawan,2020,86.96153013524588
Banhatti,2020,82.87304776058738
Bank,2021,83.02002572711753
Bankapur,2020,89.00341567930354
Bankheri,2020,82.5499360864071
Banki,2020,85.66799564771192
Bankra,2021,87.3057992107241
Bankura,2020,86.38749964036879
Banni,2020,85.47214862226764
Bannur,2010,81.53791267520482
Bansbari,2020,87.60797506625666
Bansbaria,2021,87.55048589583313
Banswada,2020,80.09415930976765
Banta,2020,86.68868296789633
Bantval,2020,92.19787918374315
Banu%20Chhapra,2021,85.91702462568296
Bapatla,2020,78.92150523258208
Bar%20Bigha,2020,83.75554309528708
Bara,2020,85.82137270201513
Bara%20Belun,2021,86.67439114344258
Bara%20Khurd,2020,83.64427309596991
Bara%20Malehra,2013,81.65529796311462
Baragaon,2013,81.44846634511617
Barah,2020,83.74340622370222
Barahari,2020,86.97257678654384
Barahbatta,2021,84.81123628586072
Barahi,2020,86.1778797288249
Barahkurwa,2020,86.33048788627059
Barahpur,2020,83.72761272097
Barahra,2016,85.51974162534148
Barai,2021,84.71844101980881
Baraidih,2021,84.90555525000019
Barajor,2020,84.53028540232256
Barakpur,2021,87.52167626673514
Baramula,2013,72.94806918305987
Baraon,2020,83.70852572882528
Bararam,2021,85.18490529542333
Barari,2020,86.87275787909822
Barasat,2021,87.47392577219968
Barauli,2021,85.58244833811501
Barbana,2020,86.90490750648911
Barddhaman,2021,87.35001290573788
Bardiha%20Turki,2021,84.52806234938521
Bardipuram,2020,79.80645773804635
Bareh,2013,77.73752820218579
Bareilly,2013,82.73268695047811
Barela,2013,83.91962832667349
Baretha,2020,86.94590479303298
Bargaon,2020,84.75580670133193
Bargarh,2013,82.76257348872943
Barghat,2020,84.25787814549165
Bargur,2022,72.31949260143438
Barhagarh,2016,84.559280170765
Barhampur,2021,84.8652592197176
Barharia,2021,85.61622722711759
Barharwa,2020,88.00720904030057
Barharwa%20Kalan,2021,85.0812117076502
Barhauna,2020,83.90419547233604
Barhi,2021,83.61981501451511
Barhiya,2020,84.16227338797809
Bari,2021,85.05213372916651
Bariariya,2021,85.67939767315589
Bariariya%20Tola%20Rajpur,2021,85.66277954918044
Bariarpur,2020,85.4946059357924
Bariarpur%20Kandh,2021,84.83466737295088
Barigarh,2013,79.41876214549171
Bariyarpur,2021,85.51927841325161
Barjhar,2021,85.12900265642095
Barjora,2021,86.52925533469956
Barka%20Gaon,2021,85.39702450068309
Barka%20Parbatta,2020,85.48696136612028
Barkagaon,2021,86.01744417076489
Barki%20Ballia,2020,84.38282692008185
Barki%20Saria,2020,85.209567006489
Barkot,2013,85.43948968101093
Barkuhi,2020,87.02247789890725
Barnagar,2013,83.94082807650265
Barnala,2011,74.96220776400274
Barnaon,2020,83.97560693647543
Barni,2021,83.7392390081967
Barnia,2020,87.28040914754096
Baro,2020,83.95140185484989
Barod,2013,80.95370490095644
Baroda,2013,76.55412604542344
Baroni%20Khurd,2013,78.28649934221313
Barpathar,2017,87.58365884187158
Barpeta,2014,86.87587223053266
Barsaun,2020,83.84284779644811
Baruari,2020,85.58832357821038
Barud,2013,82.65957133230876
Barughutu,2020,86.6466298678279
Baruipur,2021,87.52769634153019
Barun,2021,83.28000668271874
Baruni,2020,83.95206722301918
Barwadih,2020,83.23891384050567
Barwah,2013,81.82461794228142
Barwan,2020,86.54652380737706
Barwani,2013,80.73973945116124
Barwat%20Pasrain,2021,85.91702462568296
Basaha,2020,86.18692689344259
Basaithi,2020,86.93219768203546
Basantpur,2020,87.13881858538274
Basaon,2021,85.34631406796436
Basapatna,2013,78.68058065266399
Basarh,2021,85.31522309426235
Basatpur,2021,85.31647227254072
Basavakalyan,2020,83.46213346618849
Basavana%20Bagevadi,2020,83.4622857233607
Basbiti,2020,85.90711600478119
Basdeopur,2020,84.92898824795103
Basi,2018,75.67710769877057
Basirhat,2021,88.19540017725399
Basmanpur,2021,85.50222168066931
Basoda,2013,80.47132798394834
Basopatti,2021,84.68310301434433
Basrur,2011,91.82188719637978
Bassian,2018,76.19094455362037
Basudebpur,2021,85.80939055925548
Batala,2023,78.15163867759567
Bataredh,2021,85.64524588558741
Bathnaha,2021,85.59630926810107
Battulapalle,2020,69.37579299009583
Baturbari,2020,87.62625213831961
Baud,2021,83.69173242998625
Baulia,2020,86.42030370901658
Bauria,2021,86.98088877049196
Bawali,2021,87.07586472984987
Bayaram,2020,81.23788948428955
Baynala,2021,86.95792186543731
Bayyanagudem,2020,83.38781794159848
Bayyavaram,2010,83.54738849795093
Bazid%20Chak%20Kasturi,2021,84.22705505703556
Bazidpur,2021,85.11173782923514
Beawar,2013,71.11192040607904
Begamganj,2013,83.0616518107923
Begampur,2021,87.71631080806013
Begowal,2023,77.7371775949455
Begusarai,2020,84.1134723121585
Behat,2021,85.28215337875692
Beko,2021,86.6194596502732
Bela,2021,84.50968938877509
Bela%20Simri,2020,85.04813696516396
Beladi,2020,91.92820785587433
Belagal,2020,75.41573415778684
Belagola,2019,94.08857420013652
Belakoba,2020,89.5362499696037
Belakvadi,2010,80.07574602185784
Belampalli,2013,80.56149780806004
Belao,2021,84.0001386618854
Belari,2020,86.73508218749993
Belauncha,2020,85.51618527698096
Belaur,2020,83.65911301844258
Beldanga,2020,87.15824704900962
Beldaur,2020,86.03934669569682
Belgaum,2011,91.5885954600411
Belhatti,2013,85.57125735689901
Belhi,2021,84.37158073019127
Bellamkonda,2010,76.77532422711748
Bellary,2013,76.22661612568304
Belludi,2013,85.56800330635257
Belo,2021,86.32271795491829
Belonia,2020,89.10351531386615
Belpara,2013,82.4259973131831
Belpukur,2016,87.12701234904361
Belsand,2021,84.88572476468568
Belsandi%20Tara,2020,84.63712180430316
Belsara,2020,86.90658059050568
Beltangadi,2013,95.06998720867506
Belur,2010,83.82831763285505
Belvadi,2020,88.46703138627076
Belwa,2020,87.33090714071025
Belwara,2020,85.8207832073088
Benaulim,2020,90.52559683265012
Bendapudi,2020,84.26623077288251
Bendrahalli,2020,70.77874744842902
Benipati,2021,84.66880665846986
Beohari,2020,82.83944787397553
Berasia,2013,81.63194126741803
Berchha,2013,81.38909308128412
Berikai,2010,78.14581888558736
Bermo,2021,86.33976204337444
Berubari,2010,89.36985941564214
Besagarahalli,2010,80.3111025280055
Besarh,2020,87.17810330225424
Betamcherla,2020,76.49597620355199
Betigeri,2020,84.93383633299153
Betma,2013,84.38236840095635
Betmangala,2020,77.24770471652987
Bettiah,2021,85.9164250765026
Betul%20Bazar,2020,86.22655619877028
Beur,2021,83.93772691837451
Beypore,2019,91.60902442827853
Bhabanipur,2020,87.13091504166681
Bhabhua,2020,82.4212530519127
Bhachhi,2021,84.52037045286886
Bhachhi%20Asli,2021,84.93576817793728
Bhadarwah,2016,82.89959774214488
Bhadas,2020,85.08830538558745
Bhadaur,2011,73.95019360997263
Bhado%20Khara,2021,83.77267774760932
Bhadrachalam,2020,82.32273749282783
Bhadrakh,2016,85.78719961816957
Bhadravati,2013,89.29171192827867
Bhadreswar,2021,87.49272232581986
Bhadsara,2021,83.69450816325154
Bhadwar,2020,84.01778956762296
Bhagabanpur,2020,86.5976876468578
Bhagalpur,2020,85.96744023599734
Bhagatpur,2020,84.38086078790961
Bhagirathpur,2020,87.22102068886599
Bhagsar,2011,68.74580820696737
Bhagta,2011,72.51643509938516
Bhagwangola,2020,86.95797992998637
Bhagwanpur%20Desua,2020,84.7279958370903
Bhagwatpur,2021,84.90725586919413
Bhai%20Rupa,2011,73.07970390198092
Bhainsa,2013,80.49689067827869
Bhainsahi,2021,85.77328481250015
Bhainsdehi,2013,85.73043563148903
Bhainsoda,2013,78.55194918306019
Bhaisalotan,2021,87.23614312260908
Bhakua,2021,84.64730858640716
Bhalaiana,2011,69.79267162807382
Bhalki,2020,82.13656657752735
Bhalpatti,2021,85.12700805669385
Bhalswa%20Jahangirpur,2011,76.38048197506835
Bhandarso,2021,85.11173782923514
Bhander,2013,78.35612338968586
Bhangar,2021,87.53677601707649
Bhangha,2020,86.37750438319665
Bhanghi,2020,87.09711593545067
Bhankarpur,2018,75.68167798121576
Bhanpura,2013,79.25975191427598
Bhansia,2020,87.32873390095622
Bhanukumari,2020,89.19101346823778
Bhanumukkala,2010,72.16249955122935
Bhanuvalli,2013,85.79675218989075
Bhararisain,2021,90.99395420799158
Bharatpur,2013,75.04762225068312
Bhargaon,2020,87.14718014890734
Bharhopur,2020,84.64475289139372
Bharno,2020,87.51970416700826
Bharokhara,2021,84.68026746379803
Bharra,2020,84.22256474146175
Bharuch,2013,83.95411387568313
Bharweli,2020,85.5343499272542
Bhasaula%20Danapur,2020,84.07575376980893
Bhasawar,2013,74.55900167725414
Bhataulia,2021,85.66522437226755
Bhatinda,2011,71.74130437500001
Bhatkal,2020,92.28938777117482
Bhatkhori,2020,86.59824119979535
Bhatpalli,2020,80.27992334836074
Bhatpara,2021,87.50541692827883
Bhatpuri,2013,84.29836632206292
Bhatranha,2020,85.94880578586064
Bhattiprolu,2020,79.78189801366108
Bhaur,2021,84.86687108606557
Bhauradah,2020,87.85098674453556
Bhavani,2013,79.98556067827872
Bhavnagar,2013,80.70969704234976
Bhawanandpur,2020,84.70894681249987
Bhawanigarh,2011,76.84366688524592
Bhawanipatna,2013,82.83026369501381
Bhawanipur,2020,85.34970045150277
Bhawanipur%20Rajdham,2020,86.97264464412574
Bhayandar,2020,90.73940543271826
Bheja,2020,85.18993956523249
Bhelsi,2013,80.86481754678937
Bhikhi,2011,73.90226285382512
Bhikkiwind%20Uttar,2011,73.52145852117494
Bhilai,2013,82.21690940795764
Bhilwara,2013,74.30389216530057
Bhimadolu,2020,82.85590191461756
Bhimavaram,2020,81.74412429986357
Bhimunipatnam,2010,83.7969948165984
Bhind,2013,79.14030156113384
Bhiraha,2020,84.71030142178977
Bhirua,2020,85.38284506625666
Bhit%20Bhagwanpur,2020,85.18869943852462
Bhitarwar,2013,78.4543219965847
Bhiwandi,2020,89.66626320321039
Bhiwani,2010,69.92716913353814
Bhogapuram,2010,83.57881163831948
Bhogpur,2023,76.84342068101097
Bhoj,2020,86.40315776980881
Bhojpur%20Jadid,2020,83.71706141871574
Bhojpur%20Kadim,2020,83.71706141871574
Bholsar,2020,86.040782380123
Bhongir,2020,78.5533087445355
Bhopal,2013,82.19856281318297
Bhopatpur,2021,85.4063113275273
Bhuban,2020,86.19855787192635
Bhubaneshwar,2016,85.94372704747269
Bhucho%20Mandi,2011,72.24167859050543
Bhui,2021,84.22175341632486
Bhuj,2020,78.99806544091528
Bhulath%20Gharbi,2018,76.94929701980878
Bhulwal,2013,76.01781680635231
Bhusaval,2013,82.06520352834693
Biaora,2013,80.75931307274584
Bibhutpur,2021,84.63596370491807
Bibipet,2020,80.69067873053267
Bichkunda,2020,78.7335843804644
Bidar,2020,82.75763777049168
Biddupur,2021,84.62719883811484
Bideipur,2016,85.61468795491804
Bihar,2020,83.80979391461761
Bihariganj,2020,86.77760644330627
Bihat,2020,84.17896586475413
Bihpur,2020,85.891760443306
Bihpuriagaon,2010,88.32729186748625
Bihta,2020,84.35465748531435
Bijai,2020,86.20745817383889
Bijaipur,2013,77.70971347096993
Bijapur,2020,82.92827703551919
Bijawar,2013,81.7977756536885
Bijaynagar,2013,72.2333187161884
Bijbiara,2010,73.43749887090163
Bijeraghogarh,2013,81.73849339207645
Bijni,2020,89.50305350170757
Bikaner,2010,62.77083335570357
Bikkatti,2022,88.07031986885242
Bikkavolu,2020,83.51762883777303
Biknur,2020,81.48122278005458
Bikramganj,2020,83.05558555805997
Bikrampur%20Bande,2021,84.88098082308765
Bilasipara,2020,88.83753442725414
Bilaspur,2013,81.21063707428272
Bilaua,2013,78.36853949556
Bilauri,2020,86.96260759426241
Bilehra,2013,83.19621740778688
Bilga,2011,76.79567368101084
Bilgi,2020,80.04017400990446
Billapadu,2020,80.96641524043729
Bilpura,2013,83.04756867622947
Bimawan,2020,83.9776091594945
Bimgal,2020,79.47823226810105
Bimun,2013,70.16336559562833
Bina,2021,85.93027352117473
Bind,2020,83.84289230840155
Bindki,2020,80.15071070901656
Binka,2020,83.1519266058743
Binnaguri,2020,89.35866440505475
Bir,2020,80.16266964036888
Birdaban,2021,85.46818775102463
Birhana,2020,84.34369199248654
Birmitrapur,2021,86.11539702663923
Birnagar,2020,87.17966645969953
Birpur,2020,82.01962517575133
Birpur%20Barapatti%20Pindraun,2021,85.50155183265026
Birsinghpur,2020,82.01242333709007
Birur,2013,85.27600925239075
Bisaria,2020,87.1802099118851
Bisaul,2021,84.68115011543723
Bishamagiri,2016,85.63276449419399
Bishenpur,2015,90.79760085450823
Bishnah,2013,76.78024308811469
Bishnupur,2021,86.61531699043736
Bishunpur,2020,85.5956666050547
Bishunpur%20Hakimabad,2020,84.72926786270494
Bishunpur%20Sundar,2020,86.69337333538265
Bishunpura,2021,85.58426811338792
Bistan,2013,82.2666262295083
Bistaria,2020,86.92246975614758
Biswanath%20Chariali,2020,89.06733041188527
Bithan,2020,84.79895796345602
Bithauli,2021,84.93640502971333
Bobbili,2020,83.23378508265041
Bobil,2020,86.03697925375685
Bobleshwar,2020,82.94633659460379
Bochaha,2020,84.39581033674864
Bodagudipadu,2010,72.36463340027322
Boddikurapadu,2010,73.45498049726757
Bodhan,2020,80.01903562021853
Bodinayakkanur,2019,94.48416508504101
Bodippatti,2013,76.48068976331952
Bodupal,2020,80.1266704918034
Boha,2011,72.77476871618865
Bokakhat,2010,88.99869168135248
Bokaro,2021,86.33686678825164
Bolpur,2020,85.39897831284155
Bomareddipalli,2013,78.50765869637989
Bommagondanahalli,2020,79.29466830464476
Bommarbettu,2011,92.65489095457674
Bommayapalaiyam,2020,74.02255326058742
Bondada,2020,81.55985090812857
Bongaigaon,2020,89.68705640881157
Bora,2013,80.65266313387981
Borgampad,2020,82.33567533162577
Borgaon,2020,86.87331357137957
Boriguma,2013,88.54770669467216
Borim,2011,92.11381139344279
Borio,2020,88.77016557342897
Borna,2020,85.39987052493183
Borne,2020,86.02705267486343
Bowringpet,2020,77.4334229798495
Brahmadesam,2010,82.7834219139346
Brahmana%20Periya%20Agraharam,2013,79.98638116154355
Brahmanandapuram,2020,83.73227026502707
Brahmapur,2022,84.20954116427588
Brajarajnagar,2020,85.32602190573778
Bramhabarada,2016,86.22250337226761
Bucheya,2021,85.36281234255483
Buchireddipalem,2010,71.81006112465847
Budalur,2022,67.01036406557371
Budamangalam,2010,70.63468876536889
Budanur,2010,80.29711257479498
Budaun,2013,81.69531894159839
Buddayyakota,2020,74.64362873531432
Buddh%20Gaya,2021,82.77413545628424
Budha%20Theh,2023,77.92187055532784
Budhlada,2011,73.30437390983599
Budhma,2020,86.1430607141395
Budhni,2013,83.18853161646183
Budili,2020,76.85211796687149
Bugganipalle,2020,76.50345910553278
Buguda,2016,85.60169123872949
Bukkapatnam,2020,73.53438838661201
Bukkarayasamudram,2013,71.163800726093
Bulandshahr,2013,78.50248407001362
Bundala,2011,76.22501696550546
Bundehra,2020,85.51215269877036
Bundi,2013,74.52153706181704
Bundu,2013,85.72132450341545
Buram,2021,85.10528460109306
Burhanpur,2013,82.33752123224025
Burhar,2013,83.14228883179631
Burhia%20Dhanghatta,2020,86.9855603360654
Burla,2020,84.24978770765016
Buttar,2018,75.94286600717227
Buttayagudem,2020,83.8113808855875
Buxar,2020,83.8529224467214
Byadgi,2020,88.4614306393441
Byahatti,2013,87.3775818138661
Byatarayanpur,2020,82.87335510245897
Calicut,2019,91.37030196618846
Candolim,2011,90.48057712875682
Cannanore,2019,90.42422936372945
Cawnpore,2013,79.87794584084693
Chabal%20Kalan,2011,74.60307251195346
Chada,2020,77.06985992076511
Chadchan,2020,80.92842040778696
Chagalamarri,2010,72.63297972199469
Chagallu,2020,83.56514384118853
Chahatpur,2020,88.08323912568312
Chailaha,2021,85.7195146885245
Chainpur,2020,82.23968227083337
Chaita,2020,84.55466508435799
Chaital,2011,87.27164957445389
Chak%20Habib,2020,84.63308870901623
Chak%20Husaini,2020,85.47153628654382
Chak%20Pahar,2020,85.35245442827858
Chak%20That,2020,84.71030142178977
Chakai,2020,87.8331164859972
Chakand,2021,83.07311204986321
Chakapara,2021,87.30194471311478
Chakdaha,2021,87.47856251229517
Chakia,2021,85.32607108538262
Chakicherla,2020,73.01804045321029
Chakla%20Waini,2021,84.81050006693984
Chakradharpur,2021,85.26391600341513
Chakwai,2021,83.89489191530063
Chalgeri,2013,85.48811205771874
Chalkari,2021,85.86944738012289
Challakere,2013,78.91756004098356
Challapalle,2020,79.98736277629783
Chaltabaria,2021,87.09811118749987
Chalungalpadam,2013,92.14040369330621
Chamarru,2010,77.90899250068306
Champadanga,2021,86.92142161509558
Champahati,2021,88.04972838012313
Champapur,2021,85.34396036509571
Champdani,2021,87.47090041222675
Champua,2021,85.87811943066944
Chamrajnagar,2010,83.00481002117468
Chamtha,2020,84.653152676571
Chanaur,2021,85.80599240573744
Chand%20Chaur,2020,84.60628923326509
Chanda,2013,80.58132105976784
Chandankiari,2020,85.31094218135247
Chandannagar,2021,87.50325241154387
Chandauli,2021,84.81050006693984
Chandera,2013,80.05516665198088
Chanderi,2013,80.74557494296418
Chandhaus,2021,83.54452771721313
Chandi,2020,86.85085814719947
Chandia,2013,81.71618997950816
Chandigarh,2013,75.34537064241798
Chandili,2016,85.6680382926913
Chandla,2013,79.49861794638001
Chandpur,2020,86.68652968135247
Chandpura,2020,84.49521738456288
Chandragiri,2010,74.71219220799173
Chandrakona,2021,86.2242826523225
Chandralapadu,2020,78.26972002083332
Chandreru,2020,83.139828963115
Chandur,2020,74.54338712499982
Chandwa,2021,85.20298017554659
Chandwara,2021,85.29462346857925
Changanacheri,2019,92.94505967110646
Channagiri,2020,88.02580117486323
Channapatna,2010,81.3226318323086
Channarayapatna,2013,84.92387692759569
Channubanda,2020,82.16128549214493
Chanp,2021,85.1842791598361
Chanwari,2020,85.33446770935812
Chaoke,2011,73.0756084467213
Chapalamadugu,2020,75.00927204371587
Chapar,2020,88.83850597336054
Chapra,2021,85.93734459153012
Charabidya,2021,87.92144364754104
Charakunda,2013,76.83043711816941
Charaut,2021,85.17922727322393
Charkhari,2013,79.4769812069673
Charkhi%20Dadri,2011,71.15328737243863
Charne,2020,86.55578053039642
Charthawal,2013,81.00501882821023
Charuanwan,2021,83.99609876263673
Chas,2013,84.83978178825149
Chatia,2021,85.36834426434444
Chatra,2021,83.10185189275926
Chatra%20Gobraura,2021,85.29120125683063
Chaugain,2020,83.70920360348372
Chaukhata,2020,81.01396130464485
Chauki,2020,84.81590098599746
Chauki%20Hasan%20Chauki%20Makhdum,2021,85.41678443852447
Chausa,2020,84.85889694262298
Chautapal,2020,75.86594359289616
Chautham,2020,86.02764574556024
Chavakkad,2019,90.23890952322384
Chavuttahalli,2022,71.72429691188516
Chawalhati,2020,89.3612813476774
Chebrolu,2020,80.90343000870898
Chegur,2020,82.20514034255487
Chegurumomadi,2020,78.48098742520486
Chembagaramanpudur,2013,81.19023488968551
Chengam,2010,71.10223283538248
Chengannur,2013,90.81865599180318
Chennai,2020,76.74316951400263
Chennampatti,2010,81.1388708545085
Chennayyanakote,2019,91.58630378893409
Chennimalai,2013,75.59314438080595
Chennur,2020,70.73031408299173
Cherakhera,2020,85.21958872438537
Cheramkod,2019,93.34772072370235
Cheran,2020,83.74991144740454
Cherial,2020,79.38070160724052
Chero,2020,83.73818115710384
Cherrapunji,2012,94.89409572199416
Chettikulam,2019,82.91024499180318
Chettimangurichchi,2010,79.80822422677582
Chettinayakkanpatti,2010,73.33654057069667
Chettipalaiyam,2021,82.03627515010253
Chettipulam,2010,75.03697553142068
Chettiyapatti,2010,73.66738680122974
Chewara,2020,83.68599439959046
Cheyyar,2020,72.06445919842884
Chhajli,2011,74.83246438592903
Chhapera,2013,80.2629795525956
Chhapia,2021,85.2259282397545
Chhapra,2021,84.85152343647519
Chhapra%20Bahas,2021,85.39129878620209
Chhatapur,2016,86.43861866769116
Chhatarpur,2013,80.15472260963115
Chhindwara,2013,85.23368229200811
Chianki,2020,83.169667592896
Chicacole,2022,84.2641570997266
Chicalim,2021,90.8066302366802
Chichli,2013,82.56922989685796
Chicholi,2020,85.89178746550527
Chidambaram,2010,72.11372414583336
Chik%20Ballapur,2020,82.0820335645493
Chikhli%20Kalan,2013,87.01854692418051
Chikitigarh,2016,85.47395176775954
Chikkala,2020,83.53705548121587
Chikkarampalaiyam,2013,84.6918492694671
Chikkerur,2013,89.55369508504103
Chikmagalur,2013,89.71168186577869
Chiknayakanhalli,2022,82.12990101673488
Chikni,2020,86.45462916803292
Chikodi,2020,86.87274512978131
Chilakalurupet,2010,76.54777344398904
Chilakhana,2020,89.35076888661214
Chilamatturu,2020,77.39328048258217
Chilkuru,2020,77.49329517144805
Chilmil,2020,84.30414927493159
Chilpur,2020,78.28256946174885
Chimakurti,2010,73.43677189173496
Chimalapadu,2020,81.91787455088814
Chinaur,2013,78.50477205703538
Chinchali,2011,84.55485665607898
Chinchinim,2011,91.48944226058745
Chincholi,2020,82.58105992998647
Chinchvad,2013,90.23816402561455
Chingleput,2010,74.59794166530072
Chinna%20Annaluru,2020,70.31295756693999
Chinna%20Ganjam,2020,76.84138018066938
Chinna%20Gollapalem,2020,83.62301967213068
Chinna%20Kalaiyamputtur,2020,68.8993165184426
Chinna%20Mupparam,2020,79.26321699146187
Chinna%20Mushidivada,2010,83.7970573770492
Chinna%20Orampadu,2010,71.95380502219959
Chinna%20Salem,2010,73.33447233435788
Chinnachauku,2020,69.97681986543707
Chinnakkampalaiyam,2020,72.71327829713097
Chinnakkavundanur,2010,79.34254799180336
Chinnalapatti,2010,79.33800423428977
Chinnamandem,2010,71.37896906010938
Chinnamanur,2019,88.99388502698103
Chinnampalaiyam,2013,84.98341184836072
Chinnasekkadu,2020,76.13534534255457
Chinnatadagam,2013,86.1067789388663
Chinnavadampatti,2013,83.19024334665296
Chinnayagudem,2020,83.26085381420765
Chintakommadinne,2010,68.78937002903011
Chintakunta,2020,71.42839403893434
Chintalapalle,2013,82.58077600512281
Chintalapudi,2020,83.11330928927607
Chintalavadi,2010,66.5818258804646
Chintamani,2020,78.2594185570355
Chintapalle,2020,88.62528428142066
Chipurupalle,2020,83.90656272370221
Chirak,2011,73.4675881342213
Chirala,2020,77.35242418101097
Chitaldrug,2020,84.95995916803274
Chitapur,2020,80.43601392213134
Chitarpur,2013,85.60405787021857
Chitauria,2020,86.35164752254106
Chitrada,2020,82.87493553620203
Chittandikavundanur,2013,91.88991503688506
Chittaranjan,2020,86.58244465129782
Chittarkottal,2022,71.67083193306006
Chittaurgarh,2013,77.24035042657107
Chittayankottai,2010,79.1684012711748
Chittoor,2010,70.64851657479493
Chittur,2010,81.15567943374323
Chitvel,2010,71.01241215710373
Chityal,2020,76.53018870730857
Chodavaram,2010,83.81688075443981
Chokkalingapuram,2010,76.18561367554662
Chokkampatti,2013,82.821508961407
Chokkanathapuram,2013,82.96871358640693
Cholavandan,2010,69.17281461372968
Cholavaram,2010,75.34076079849737
Chonthrhu,2023,83.25638901229512
Chopadandi,2020,78.20630459836072
Chorhat,2020,82.61718451810115
Chota%20Mollakhali,2021,87.89525072984985
Chudamani,2016,85.79691376775958
Chuhal,2013,78.00849934494536
Chuhr%20Chak,2018,75.02250427527339
Chunakhali,2021,87.92197376605183
Churi,2020,84.31626026263652
Closepet,2010,81.83776523428973
Coimbatore,2020,85.02307941120219
Colangute,2011,90.4719002790301
Colgong,2020,85.95486100068307
Conjeeveram,2020,72.67677763763662
Contai,2021,85.85660477937168
Coondapoor,2011,91.82337697950858
Coonoor,2013,89.29814414651649
Corgao,2020,90.67758509801898
Coringa,2020,83.37380704644816
Cortalim,2021,90.80914098087413
Cossimbazar,2020,86.97280156659858
Cuddalore,2020,74.51304183606577
Cuddapah,2020,69.97681986543707
Cumbum,2020,74.50304411851087
Cuncolim,2011,91.48749671994545
Curchorem,2011,93.05427153278686
Curti,2011,92.09690501092904
Curtorim,2011,91.76057121755437
Cuttack,2016,86.43213235348385
Dabhaura,2020,81.20759403517754
Daboh,2013,78.61963835450835
Dabra,2013,78.2841823821724
Dachepalle,2010,74.88540350273249
Dagarua,2020,87.42756392930306
Dagmara,2020,85.95812028620226
Daharia,2020,86.68069615146855
Dahi,2013,81.03597477049172
Dahibhat%20Madhopur,2021,84.72670197199476
Dahua,2020,85.86206480737718
Daita,2020,86.87125064002709
Dakhram,2021,84.86408472575134
Dala,2018,73.92579519740457
Dalan,2020,87.28766729918019
Dalavaypattanam,2020,70.87338207001363
Dalawarpur,2021,85.61824413934413
Dalippur,2020,83.6537039053962
Dalkola,2020,87.57977166530061
Dalli%20Rajhara,2013,84.96708965812827
Dalsingh%20Sarai,2020,84.60500496379787
Daltonganj,2020,83.18844709938537
Dam%20Dam,2021,87.53569310177589
Damal,2020,71.78282382786894
Damalcheruvu,2020,72.19487967144808
Daman,2013,88.26517264856565
Damarcherla,2020,75.07524305601078
Damargidda,2020,82.13846113148917
Dambal,2020,83.76966345935793
Damdama,2020,87.06251521960404
Dammapeta,2020,83.9691479173496
Dammennu,2020,83.76182668784159
Damoh,2013,81.12505531898908
Damonojodi,2013,88.2980589166669
Damu,2021,84.93691064719951
Damua,2020,87.93466829952189
Danau%20Kandimarg,2010,78.17201249658477
Dandeli,2011,94.17029671243185
Dandkhora,2020,87.13045978722671
Danwan,2020,83.93609342896181
Daparkha,2020,86.33221708196727
Dara,2020,85.50505653961767
Darauli,2021,84.74478118920787
Darbhanga,2021,84.91057097984995
Dari,2020,85.57001314651647
Darihat,2021,82.70047581523204
Darjeeling,2010,94.26877446072409
Darmaha,2021,85.46633686475403
Daroji,2020,85.06639294979509
Darpa,2021,84.79169948497241
Darsi,2020,73.5832744101776
Darsur,2021,84.75663710963101
Darwa,2021,84.62651585587435
Dasai,2013,84.93815549453566
Dasarhalli,2010,82.97602443306002
Dasaut,2021,84.98466453927601
Dasnapur,2013,80.64057089241793
Dasraha%20Bhograjpur,2020,84.18174756284141
Dasuya,2023,78.08233470491811
Datia,2013,78.32869721345617
Datian,2020,87.16214637363399
Datiana,2020,84.10438051297797
Datoda,2013,83.53363190642085
Dattapara,2021,87.79295872199461
Dattapulia,2021,87.50540351468592
Daudnagar,2021,83.10427073497259
Daulatnagar,2020,86.83494925512288
Daulatpur,2020,86.83382024316928
Davangere,2013,85.27856747233601
Davorlim,2011,91.79882439105225
Davuluru,2020,79.93711671482221
Dayalpur,2021,84.9369685488389
Dayalpur%20Sapha,2021,84.41194282137997
Debagram,2020,87.03247953620206
Degana,2023,69.14656521516416
Dehra%20Dun,2013,85.20434281625666
Dehri,2021,83.00104774282785
Dehti,2020,88.15432758265042
Delhi,2011,75.69997783401637
Delhi%20Cantonment,2011,75.23646089105186
Denduluru,2020,81.50767750922103
Deo,2021,83.0848107209701
Deodha,2020,84.58994652903041
Deodora,2020,84.65297662431682
Deodrug,2020,77.12920951707663
Deogarh,2020,86.9062924125683
Deoghar,2020,86.41725682445363
Deokali,2021,84.98529979815584
Deori%20Khas,2013,82.82347362704921
Deoria,2021,85.22941617793708
Depalpur,2013,84.03254028791002
Dera%20Baba%20Nanak,2023,76.98250912397553
Dergaon,2017,88.47690333606577
Desavilakku,2010,80.01881068203551
Deshnur,2020,88.46703138627076
Desri,2021,84.88844402698089
Devadanappatti,2013,78.37533847984977
Devakottai,2010,68.9515208125
Devanakavundanur,2010,80.20703403756853
Devanakonda,2020,77.00567732821033
Devanangurichchi,2010,77.4898140416666
Devanhalli,2010,81.84686292178957
Devapur,2020,80.85486647336036
Devarapalle,2010,83.69400912585384
Devarkonda,2020,74.80498164822386
Devarshola,2019,90.76749534221315
Devendranagar,2020,81.81919075922136
Devgeri,2013,87.42709006557406
Devi%20Hosur,2013,88.6743189518444
Devikapuram,2010,70.78641060587435
Devipattinam,2022,71.67406894364768
Devmaudaldal,2020,81.4238285232241
Dewangarh,2021,84.25640921823779
Dewas,2013,82.60618985484957
Dhabauli,2020,86.2623245013661
Dhaka,2021,85.30434569877042
Dhakaich,2020,83.84627336680336
Dhamaun,2021,84.09077093340164
Dhamdaha,2020,87.12662139036892
Dhamnagar,2016,86.05311734289634
Dhamnod,2013,82.92027618374323
Dhamsain,2020,85.0159332404371
Dhamtari,2013,83.94170228005481
Dhamua,2021,87.55623829747282
Dhana,2013,82.39903958043038
Dhanauli,2021,84.87777633025965
Dhanaura,2020,86.30442287500011
Dhanauri,2011,75.98881017110631
Dhanbad,2020,86.07670584460391
Dhanga,2021,85.01003157718596
Dhangaraha,2021,85.10604346755468
Dhansaria,2020,87.06920842827876
Dhantola,2010,88.2044781734973
Dhanupra,2020,85.68560310177608
Dhanur%20Kalyanwadi,2020,83.67137288729505
Dhanwada,2020,79.8618159689207
Dhanwar,2020,85.76751409050559
Dhar,2013,84.71049074112005
Dharampur%20Bande,2020,84.77382433572392
Dharampuri,2013,80.33320038183045
Dharamshala,2013,81.961777382172
Dharapuram,2020,70.92556452868847
Dharawat,2021,83.43659852356555
Dharhara,2020,85.1432477414616
Dharhwa,2021,86.30797415163916
Dharir,2021,88.24830174487688
Dhariwal,2023,78.78417184801913
Dharmajigudem,2020,82.00878303312842
Dharmapuram,2019,90.23532971857944
Dharmapuri,2020,76.49397840625
Dharmaragar,2017,87.29311554303298
Dharmaram,2020,78.13248070799179
Dharmasagaram,2020,78.96668873804646
Dharmastala,2013,95.71417780601107
Dharmavaram,2020,79.30155358709011
Dharmkot,2018,74.72651472097002
Dharmsala,2013,81.98778108538247
Dharphari,2021,85.02961332957652
Dhaula,2011,74.75768400785505
Dhauni,2020,85.67009687670776
Dhekiajuli,2010,88.32692835724056
Dhemaji,2010,88.67795599077877
Dhenkanal,2020,86.89498251673484
Dhilwan,2023,77.65534620833338
Dhilwan%20Kalan,2011,71.29638790949464
Dhing,2010,87.48528352458996
Dhobauli,2020,84.22190498019158
Dhobipet,2020,81.39946851366123
Dholbaja,2020,87.45620145525963
Dholka,2013,79.4329811690575
Dhone,2020,74.89105276127053
Dhoraji,2013,83.76856194159839
Dhorgaon,2020,86.32908198770485
Dhuburi,2020,88.43647874146156
Dhulia,2013,79.29976931796462
Dhulian,2020,87.24307743306014
Dhulkot,2013,84.48883146653
Dhumnagar,2021,85.97977197643446
Dhupgari,2020,89.42435945252711
Dhuri,2011,76.42317247233606
Dhusar%20Tikapatti,2020,86.37808665676238
Dhutauli,2020,85.29137969740437
Diamond%20Harbour,2021,87.86137696653026
Dibraghani,2020,86.66099419296457
Dibrugarh,2020,87.64136415437176
Dicholi,2011,91.49054791188544
Digboi,2020,88.31752217418031
Dighaun,2020,86.0713325426914
Dighawani,2013,86.56467963524592
Dighirpar,2021,88.24881770252752
Dighwa,2021,85.26809383982255
Dighwara,2021,84.52400928415297
Diglipur,2019,90.84358484597034
Dihri,2020,83.7427289426229
Dilarpur,2020,86.42030370901658
Dilawarpur,2013,81.05792205908462
Dildarnagar,2020,83.11372381215854
Dimapur,2017,88.71820174556014
Dinanagar,2023,78.55821905908466
Dinapore,2020,84.26420856967198
Dinara,2013,79.12563772045758
Dindigul,2010,73.33446821004111
Dindori,2020,86.47001072233611
Dinhata,2020,88.87184515710398
Dinmanpur,2021,84.89273271994543
Dip,2021,85.60281170081986
Diphu,2017,91.31075600853838
Dirba,2011,76.33669971516399
Dirusumarru,2020,81.99127032513644
Dispur,2012,89.1314384952184
Diu,2018,86.06875201195363
Dobhawan,2020,83.44135887841531
Dobni%20Para,2021,84.79896603517776
Dod%20Ballapur,2013,82.09397186953545
Doda,2011,69.44430508230874
Dodarasinakere,2010,79.90140753346985
Dodda%20Siddavvanahalli,2020,84.94019243476768
Doddanahalli,2010,80.27600358879793
Doddappanayakkanur,2013,72.62529809836069
Doddipatla,2020,83.78825049760943
Dodvad,2020,88.46703138627076
Dogachi,2020,87.0313850809426
Dohta,2010,88.80796569228158
Doiwala,2013,84.69810407308735
Domahani,2020,86.52763472506825
Dombachcheri,2013,82.979297884563
Domchanch,2021,86.45670581147547
Domkonda,2020,81.48808080566948
Dommasandra,2020,81.32520116564217
Donabagatta,2013,88.46223611748657
Dora,2021,87.81681900341549
Doranahalli,2020,77.30961589754112
Doranala,2020,73.81733703483586
Doranda,2021,84.92011794706261
Doria%20Sonapur,2020,87.60691225444
Dornakal,2020,80.45000002595643
Dowlaiswaram,2020,83.8210351458334
Drabar,2018,81.83160903620221
Draksharama,2020,83.26802689036892
Drug,2013,82.69207018408471
Dubacherla,2020,83.40102796038252
Dubak,2020,80.59885414788278
Dubrajpur,2020,87.09315868203555
Dudhauni,2013,81.38755382547816
Dudhpura,2020,84.71093720560111
Dugda,2013,84.93344953517783
Duggirala,2020,79.76642455703532
Dum%20Duma,2010,88.53311654098401
Dumaria,2021,85.84067519672136
Dumjor,2021,87.14864998326502
Dumka,2020,88.40656206352463
Dumra,2021,85.72049733982233
Dumraon,2020,83.7150320594264
Dumri,2021,84.69251629792801
Dundigal,2020,82.62531350751372
Duraiswamipuram,2013,69.88521785758194
Durgapur,2020,86.90257645765028
Durgi,2020,74.47849190676226
Durpalli,2020,79.9486119231559
Duvva,2020,82.9855018985656
Duvvuru,2020,71.05182161526642
Dwarka,2019,83.56322743510913
Edlapadu,2010,76.76003861816949
Eduttavaynattam,2010,72.10641345081962
Egra,2021,85.70655832650276
Ekalbehri,2020,85.33478989549168
Ekamba,2020,87.37622166222677
Ekangar%20Sarai,2021,83.77298007308741
Ekchari,2020,86.040782380123
Ekhari,2021,85.01322547780073
Eklahra,2020,87.03693846072402
Ekma,2020,85.28626693596317
Ekwari,2020,83.40164776878414
Elambalur,2010,70.16900024316921
Elandakuttai,2013,78.30473996004103
Elattur,2013,83.77884009733596
Elavanasur,2010,70.40467251024594
Elchuru,2020,75.50078882991797
Elesvaram,2020,83.78987284836082
Ellamanda,2020,76.48136283333345
Ellenabad,2010,67.9344794675546
Ellore,2020,81.3073568234291
Elumalai,2013,67.8530488825136
Elurpatti,2010,66.54609367383881
Elurupadu,2020,81.52776726912565
Emmiganur,2020,75.66519920116129
Emmiganuru,2013,75.70589870525937
Enamadala,2020,78.91332940642098
Ennamangalam,2010,84.59628598941282
Enumulapalle,2020,73.50768742622955
Eral,2010,67.63980122950821
Eranapuram,2010,80.01317876536896
Eraniel,2019,89.03201150409849
Eraura,2021,83.06852235348347
Eriyodu,2010,66.14795643818302
Ernagudem,2020,83.7531185652322
Erode,2013,77.31624727254102
Erraballa,2020,69.09481252663942
Erragondapalem,2020,74.98805999658445
Erraguntla,2020,72.19088030942628
Erraguntlakota,2010,72.96718484426226
Errahalli,2022,71.72212120833338
Erravaram,2020,83.39787276468584
Erumad,2019,94.44071086509594
Erumaippatti,2022,70.38654896755457
Erumapalaiyam,2010,80.78478331830581
Ervadi,2022,72.92251539617486
Esanai,2010,71.87230991769133
Etah,2013,79.82761028176245
Etawa,2013,80.66319970252721
Etawah,2013,79.78131416393431
Ettaiyapuram,2010,65.51143988046444
Ettapur,2010,79.24913775136608
Ettimadai,2021,87.11605707923503
Fakirtaki,2021,87.96149450341511
Falakata,2020,89.51867998702184
Falimari,2020,89.93573490300548
Farakka,2020,87.85700683845631
Faridabad,2013,75.71184647267746
Faridkot,2011,71.23550367793717
Farrukhabad,2013,80.40828758982242
Farrukhnagar,2020,83.1312340184426
Fateh%20Nangal,2023,78.786680232582
Fateha,2020,84.36871084118869
Fatehabad,2011,76.48248665027323
Fatehgarh%20Churian,2023,77.16765000307375
Fatehpur,2020,84.59496157764133
Fatehpur%20Bala,2021,84.68091640232241
Fatehpur%20Shahbaz,2021,84.27924415061483
Fatehpur%20Sikri,2013,75.61569899077853
Fatwa,2021,84.33707467178967
Fazilka,2011,66.68137286646179
Ferozepore,2011,70.99324322882508
Forbesganj,2020,87.09986714959015
Fraserpet,2013,89.18189332513666
Fyzabad,2021,84.39696733025968
Gadag,2020,84.92241369023205
Gadarpur,2013,82.42678899795074
Gadarwara,2013,81.79850928688514
Gadaul,2020,85.01530688046468
Gadda%20Madiral,2020,79.53970987943988
Gadwal,2020,77.23733589788245
Gainrha,2020,87.28844550887975
Gairtganj,2020,83.2830968022539
Gajendragarh,2020,83.23136586202199
Gajhara,2021,85.01131873224058
Gajiginhalu,2020,76.02357420696721
Gajwel,2020,81.67251364617502
Galatge,2020,86.87331357137957
Galivedu,2010,70.94237483401625
Galsi,2021,87.04353124180346
Gamail,2020,86.82974616154368
Gamharia,2020,86.04577256830599
Ganapatipalaiyam,2017,80.9650437407787
Ganapavaram,2020,78.60391422660517
Ganaram,2020,80.13522604576502
Gandarbal,2019,73.81541336953552
Gandhari,2020,82.75119090095635
Gandhidham,2010,78.42497516051915
Gandhwani,2013,81.56695449146189
Gandikunta,2020,80.06592572301932
Gandlapenta,2020,71.9305390874316
Ganeshpur,2020,87.1653949593578
Ganga%20Sagar,2021,85.39400501707657
Gangadhar,2020,78.54549604610658
Gangaikondan,2010,70.54264881659849
Gangajalghati,2021,86.65125873907104
Gangammapeta,2019,84.82347482889357
Ganganagar,2010,65.0719184129098
Gangania,2020,86.1914351820356
Gangapatnam,2020,76.61596790847015
Gangapur,2020,86.44110072079926
Gangapur%20Athar,2021,84.68156451366136
Gangarampur,2020,86.72727231420761
Gangaur,2021,85.02858521550557
Gangaura%20Behra,2021,85.4783501048498
Gangavalli,2010,78.38961251844263
Gangawati,2013,78.69904869637988
Gangoli,2011,92.03080798087423
Gangtok,2010,91.91083121379783
Ganguru,2020,80.42849035519126
Ganguvarpatti,2013,78.4008774053962
Ganjam,2019,86.46117180942636
Gannavaram,2020,81.03596551468571
Garag,2020,89.08148517042316
Garaimari,2020,87.01204984323776
Garh%20Sisai,2020,84.3800795061478
Garhakota,2013,81.60050907650265
Garhara,2020,84.1769843022541
Garhi,2020,85.58004912431711
Garhpura,2020,84.69605817691236
Garhshankar,2023,77.6447706687161
Garhwa,2020,82.42829346174868
Garkha,2021,84.77202007513677
Garot,2013,79.09807057377051
Garsekurti,2013,78.00190381215843
Garulia,2021,87.47090041222675
Gatada,2020,83.90656272370221
Gauli%20Palasiya,2020,84.3263672923497
Gaundra,2021,85.32731851434409
Gaunivaripalle,2020,77.0620715625
Gaura,2020,85.38642643647546
Gaurdah,2020,85.55788595423502
Gaurihar%20Khaliqnagar,2021,84.83595460826503
Gauripur,2020,88.43396019398912
Gautampura,2013,83.77006204474024
Gavinivaripalem,2020,78.49407669330589
Gaya,2021,82.76507282889342
Gayaspur,2021,84.8592929678962
Gazulapalle,2020,78.20839066837445
Gethaura,2020,87.1895717175547
Ghagga,2011,75.85697861646187
Ghal%20Kalan,2018,73.47175885450817
Ghalib%20Kalan,2018,75.02614048428948
Ghambiraopet,2020,80.05743530840172
Ghandinagar,2013,79.25102207377077
Ghanipur%20Bejha,2021,84.45573591017775
Ghanpur,2020,81.23817494159826
Gharbara,2013,77.03263916256836
Gharyala,2018,73.26829889002745
Ghat%20Borul,2020,83.67137288729505
Ghatal,2021,86.08993202937158
Ghataro%20Chaturbhuj,2020,84.92645302527323
Ghatawan,2020,82.3483360331286
Ghatkesar,2020,79.261168051571
Ghattu,2020,75.7533993920765
Ghattupal,2013,75.19729908811478
Ghaura,2013,81.80886069672135
Ghaziabad,2013,77.0294942155055
Ghazipur,2020,83.78490132513677
Ghogaon,2013,80.5460908753415
Ghogardiha,2016,85.47362213763674
Gholia%20Kalan,2011,73.4675881342213
Ghoradal,2021,87.3942332493169
Ghorbanki,2021,84.93691064719951
Ghordaur,2020,85.55910220184433
Ghosai,2020,86.55775723053274
Ghosrawan,2021,83.77614783743175
Ghoswari,2020,84.53831053825155
Ghoti%20Budrukh,2021,94.58603513319714
Ghusiya,2020,83.05279319535524
Giddalur,2010,75.69379351536882
Giddarbaha,2011,69.60452359392067
Gidha,2020,86.29447580191248
Gidi,2021,84.71700218852462
Gil,2018,77.17703192178956
Gilarchat,2021,87.94346390710362
Gingee,2010,68.77741029405735
Giria,2020,86.87578154508203
Goalpara,2014,87.87309335519116
Goasi,2020,86.93796201331959
Gobardanga,2021,87.63407246038254
Gobardhanpur%20Kanap,2021,82.76257353859276
Gobindgarh,2018,77.98967763251345
Gobindpur,2021,83.6024771974044
Gobindpura,2011,71.81501172814205
Godda,2020,85.60852109426227
Godhra,2013,82.62698113661205
Goh,2021,82.93567091188515
Gohadi,2013,77.59058649726771
Gohi%20Bishunpur,2021,84.80430991188508
Gohna,2011,76.27621648155726
Gohpur,2010,89.05385040198084
Gohuma%20Bairia,2021,86.29149905976786
Gok,2010,93.90095104713123
Gokak,2013,84.63273456830616
Gokarn,2013,93.79189725819698
Gokarna,2020,86.9667107636614
Gokavaram,2020,84.79695721277339
Gokhulapur,2020,87.08906067998626
Gokinepalle,2020,76.15178257342885
Golaghat,2017,87.91811937021876
Golakpur,2021,83.66078269740427
Gold,2013,77.3298336294398
Golet,2013,80.71108126297818
Gollalagunta,2020,83.87095733743152
Gollapudi,2020,80.84961861851104
Gomoh,2021,87.35865456489066
Gondalga,2020,80.79439971516385
Gondia,2020,84.1351379207649
Gonegandla,2020,75.30348747916649
Gonghaur,2021,85.29432393681704
Gonikoppal,2019,94.92293537773222
Gooty,2013,73.71547573531413
Gopalapuram,2020,84.10670462124307
Gopalasamudram,2013,73.90670771994532
Gopalganj,2021,85.60238675204926
Gopalnagar,2020,86.86935584511612
Gopalpur,2020,84.75345788302585
Gopavaram,2010,70.5541363261612
Gopichettipalaiyam,2010,83.5736116991119
Gorakhpur,2021,86.05344332342916
Gorantla,2020,76.86682358504098
Goraya,2011,76.8800352452187
Gorha,2020,86.74557368784164
Goriar,2020,86.40230536133865
Goribidnur,2020,78.83666716564224
Gormi,2013,78.20015903142084
Gosaingaon,2020,85.48882701331934
Goshaingaon,2020,90.07310101878412
Gothini,2021,84.91743543374314
Govindapalle,2020,76.32344585860656
Govindapuram,2010,76.44190124282781
Govindgarh,2020,82.96673405942596
Gua,2021,85.87061098019137
Guabari,2010,88.40833768852475
Gubbi,2013,81.40427316086074
Gudalur,2010,75.20271578705596
Gudgeri,2020,87.46846335245885
Gudibanda,2020,79.3470408557036
Gudikallu,2020,75.66615625512324
Gudimulakhandrika,2020,83.7259787725409
Gudipallipadu,2020,74.37628001741813
Gudivada,2020,82.77950829986342
Gudiyattam,2010,70.80569219842907
Gudlavalleru,2020,80.1392160686475
Gudluru,2020,72.11921086851086
Gudur,2010,75.10859999368165
Guduru,2020,75.20225388046448
Gugi,2020,78.3192180204917
Gulam,2020,86.31328181113383
Gulbarga,2020,80.82994778654358
Guledagudda,2020,80.70636949624317
Gulgam,2013,73.6189085905051
Gullapuram,2013,78.41582705293709
Gulni,2020,83.78701564993165
Gulyam,2020,75.76562344193991
Gumia,2021,86.59449430020504
Gumla,2020,86.89616574999998
Gummudipundi,2020,74.63391989754108
Guna,2013,80.46129990300548
Gundi,2013,78.23865989617485
Gundlapelle,2020,76.31556089446713
Gundlupet,2013,84.24109722404383
Gundrajukuppam,2010,74.03611718135215
Gundugolanu,2020,81.79575842657106
Gundumal,2013,81.19169615095619
Gundur,2022,64.06042616666674
Gunjapalle,2020,70.2720092715163
Gunri,2020,83.7655194747269
Guntakal,2020,75.03282080874307
Guntakal%20Junction,2013,73.72693246994527
Guntapalli,2010,71.33526634631151
Guntupalle,2020,80.84808067520474
Guntur,2020,78.80578291154374
Gunupur,2010,84.87112825990438
Guraahai,2013,78.90546455601088
Gurdaspur,2023,80.00282517759575
Gurgaon,2011,74.05415397950811
Gurgunta,2020,77.82250755088783
Gurh,2020,82.78027601946737
Guria,2016,86.44095196345629
Gurmaila,2020,86.87557419979503
Gurmatkal,2020,82.16380373326507
Gurmia,2020,84.92645302527323
Gurramkonda,2020,72.28003653722664
Gurrampod,2020,74.40334800478134
Guru%20Har%20Sahai,2011,69.17297499077884
Guruvayur,2019,90.23802375273236
Guruzala,2020,74.91311952459006
Gurwalia%20Biswas,2021,85.9164250765026
Guskhara,2020,86.36372159221337
Guttal,2013,85.86249917383883
Guttikonda,2020,76.90733994125678
Guwahati,2012,88.91381833469954
Gwalior,2013,78.13301368545078
